,–ù–∞–∑–≤–∞–Ω–∏–µ,–ë–∏–±–ª–∏–æ–≥—Ä–∞—Ñ–∏—á–µ—Å–∫–∞—è –∏–Ω—Ñ–æ—Ä–º–∞—Ü–∏—è –≤ —Ñ–æ—Ä–º–∞—Ç–µ bibtex,"–û–±—ä—ë–º (–≤—Ö–æ–¥—ã, —Å–ª–æ–≤–∞, —Å—Ç—Ä–∞–Ω–∏—Ü—ã)",–í –∫–∞–∫–æ–º —Ä–∞–∑–¥–µ–ª–µ –ù–ö–†–Ø –≤ —Ç–µ–æ—Ä–∏–∏ –º–æ–∂–µ—Ç –±—ã—Ç—å –ø–æ–ª–µ–∑–µ–Ω?,Unnamed: 22
0,,???,,,
1,–ê—Ä—Ö–∞–Ω–≥–µ–ª—å—Å–∫–∏–π –æ–±–ª–∞—Å—Ç–Ω–æ–π —Å–ª–æ–≤–∞—Ä—å,"–ê—Ä—Ö–∞–Ω–≥–µ–ª—å—Å–∫–∏–π –æ–±–ª–∞—Å—Ç–Ω–æ–π —Å–ª–æ–≤–∞—Ä—å / –ú–ì–£ –∏–º. –ú.–í. –õ–æ–º–æ–Ω–æ—Å–æ–≤–∞, –§–∏–ª–æ–ª. —Ñ–∞–∫. ; –ø–æ–¥ —Ä–µ–¥. –û.–ì. –ì–µ—Ü–æ–≤–æ–π. –ú–æ—Å–∫–≤–∞ : –ò–∑–¥-–≤–æ –ú–ì–£, 1980-. ; 22 —Å–º. ISBN 5-02-011621-1.",–°–ª–æ–≤–∞—Ä–Ω—ã—Ö —Å—Ç–∞—Ç–µ–π: 1332 (–¢–æ–º 1); 2546 (–¢–æ–º 2); 1313 (–¢–æ–º 3); 1528 (–¢–æ–º 4); 1653 (–¢–æ–º 5); 1070 (–¢–æ–º 6); 952 (–¢–æ–º 7); 2177 (–¢–æ–º 8); 2480 (–¢–æ–º 9); 2262 (–¢–æ–º 10); 2951 (–¢–æ–º 11); 2514 (–¢–æ–º 12); 2210 (–¢–æ–º 13); 950 (–¢–æ–º 14); 1796 (–¢–æ–º 15); 1843 (–¢–æ–º 16); 1834 (–¢–æ–º 17); 1840 (–¢–æ–º 18); 2071 (–¢–æ–º 19); 2077(–¢–æ–º 20); 2012 (–¢–æ–º 21),–¥–∏–∞–ª–µ–∫—Ç–Ω—ã–π,https://www.philol.msu.ru/~dialectology/dictionary/
2,–°–ª–æ–≤–∞—Ä—å —Ä—É—Å—Å–∫–∏—Ö –Ω–∞—Ä–æ–¥–Ω—ã—Ö –≥–æ–≤–æ—Ä–æ–≤,"–°–ª–æ–≤–∞—Ä—å —Ä—É—Å—Å–∫–∏—Ö –Ω–∞—Ä–æ–¥–Ω—ã—Ö –≥–æ–≤–æ—Ä–æ–≤ / –ê–∫–∞–¥–µ–º–∏—è –Ω–∞—É–∫ –°–°–°–†, –ò–Ω—Å—Ç–∏—Ç—É—Ç —Ä—É—Å—Å–∫–æ–≥–æ —è–∑—ã–∫–∞, –°–ª–æ–≤–∞—Ä–Ω—ã–π —Å–µ–∫—Ç–æ—Ä. - –ú–æ—Å–∫–≤–∞ : –ù–∞—É–∫–∞ ; –õ–µ–Ω–∏–Ω–≥—Ä–∞–¥ : –ù–∞—É–∫–∞, –õ–µ–Ω–∏–Ω–≥—Ä–∞–¥—Å–∫–æ–µ –æ—Ç–¥-–Ω–∏–µ, 1965-. - 22 —Å–º.; ISBN 5-02-027894-7",,–¥–∏–∞–ª–µ–∫—Ç–Ω—ã–π,
3,–û–±—Ä–∞—Ç–Ω—ã–π —Å–ª–æ–≤–∞—Ä—å —Ä—É—Å—Å–∫–æ–≥–æ —è–∑—ã–∫–∞,"@misc{–∑–∞–ª–∏–∑–Ω—è–∫1974–æ–±—Ä–∞—Ç–Ω—ã–π,
  title={–û–±—Ä–∞—Ç–Ω—ã–π —Å–ª–æ–≤–∞—Ä—å —Ä—É—Å—Å–∫–æ–≥–æ —è–∑—ã–∫–∞},
  author={–ó–∞–ª–∏–∑–Ω—è–∫, –ê–ê and others},
  year={1974},
  publisher={–ú}
}",–û–∫–æ–ª–æ 125 000 —Å–ª–æ–≤; 944 —Å—Ç—Ä–∞–Ω–∏—Ü—ã,,https://obuchalka.org/2015050784509/obratnii-slovar-russkogo-yazika-okolo-125-000-slov-1974.html?ysclid=lsrodso0v2795580165
4,–ù–æ–≤—ã–π —Å–ª–æ–≤–∞—Ä—å —Ä—É—Å—Å–∫–∏—Ö –Ω–∞–∑–≤–∞–Ω–∏–π –∂–∏—Ç–µ–ª–µ–π,"–í—Å–µ–º –∏–∑–≤–µ—Å—Ç–Ω–æ, —á—Ç–æ –≤ –ú–æ—Å–∫–≤–µ –∂–∏–≤—É—Ç –º–æ—Å–∫–≤–∏—á–∏, –≤ –ù–æ–≤–≥–æ—Ä–æ–¥–µ –í–µ–ª–∏–∫–æ–º ‚Äî –Ω–æ–≤–≥–æ—Ä–æ–¥—Ü—ã, –≤ –ï–∫–∞—Ç–µ—Ä–∏–Ω–±—É—Ä–≥–µ ‚Äì –µ–∫–∞—Ç–µ—Ä–∏–Ω–±—É—Ä–∂—Ü—ã. –ù–æ –¥–∞–ª–µ–∫–æ –Ω–µ –∫–∞–∂–¥—ã–π –∑–Ω–∞–µ—Ç, –∫–∞–∫ –ø—Ä–∞–≤–∏–ª—å–Ω–æ –Ω–∞–∑–≤–∞—Ç—å, –Ω–∞–ø—Ä–∏–º–µ—Ä, –∂–∏—Ç–µ–ª–µ–π –ö–æ—Å—Ç—Ä–æ–º—ã, –ê—Ä—Ö–∞–Ω–≥–µ–ª—å—Å–∫–∞, –û–º—Å–∫–∞, –¢–æ—Ä–∂–∫–∞. –î–∞–Ω–Ω—ã–π —Å–ª–æ–≤–∞—Ä—å —Ä–∞—Å—Å–∫–∞–∑—ã–≤–∞–µ—Ç –æ —Ç–æ–º, –∫–∞–∫ –ø—Ä–∞–≤–∏–ª—å–Ω–æ –Ω–∞–∑—ã–≤–∞—Ç—å –∂–∏—Ç–µ–ª–µ–π –Ω–∞—Å–µ–ª—ë–Ω–Ω—ã—Ö –ø—É–Ω–∫—Ç–æ–≤ –†–æ—Å—Å–∏–∏, —Å—Ç—Ä–∞–Ω –°–ù–ì –∏ –º–∏—Ä–∞. –û–Ω –æ–∫–∞–∂–µ—Ç –Ω–µ–∑–∞–º–µ–Ω–∏–º—É—é –ø–æ–º–æ—â—å –≤ –≤—ã–±–æ—Ä–µ –ø—Ä–∞–≤–∏–ª—å–Ω–æ–≥–æ –≤–∞—Ä–∏–∞–Ω—Ç–∞ –Ω–∞–∑–≤–∞–Ω–∏—è –∂–∏—Ç–µ–ª–µ–π —Å–ø–µ—Ü–∏–∞–ª–∏—Å—Ç–∞–º-—Ñ–∏–ª–æ–ª–æ–≥–∞–º, —Ä–∞–±–æ—Ç–Ω–∏–∫–∞–º –°–ú–ò, —Å–ø—Ä–∞–≤–æ—á–Ω—ã–º –∏ —É–ø—Ä–∞–≤–ª–µ–Ω—á–µ—Å–∫–∏–º —Å–ª—É–∂–±–∞–º –≥–æ—Ä–æ–¥–æ–≤, –∏–Ω–æ—Å—Ç—Ä–∞–Ω—Ü–∞–º, –∏–∑—É—á–∞—é—â–∏–º —Ä—É—Å—Å–∫–∏–π —è–∑—ã–∫, –∞ —Ç–∞–∫–∂–µ —à–∏—Ä–æ–∫–æ–º—É –∫—Ä—É–≥—É —á–∏—Ç–∞—Ç–µ–ª–µ–π. - —Å–∞–º—ã–µ –ø–æ–ø—É–ª—è—Ä–Ω—ã–µ –∏ –≤–æ—Å—Ç—Ä–µ–±–æ–≤–∞–Ω–Ω—ã–µ —Å–ª–æ–≤–∞—Ä–∏ —Ä—É—Å—Å–∫–æ–≥–æ —è–∑—ã–∫–∞ - —Å–∏—Å—Ç–µ–º–Ω–æ –æ–ø–∏—Å—ã–≤–∞—é—Ç —Ä—É—Å—Å–∫–∏–π —è–∑—ã–∫ –≤–æ –≤—Å–µ–º –µ–≥–æ –º–Ω–æ–≥–æ–æ–±—Ä–∞–∑–∏–∏ - —Å–æ—á–µ—Ç–∞—é—Ç –Ω–∞—É—á–Ω—ã–π –ø–æ–¥—Ö–æ–¥ –∏ –¥–æ—Å—Ç—É–ø–Ω–æ—Å—Ç—å –∏–∑–ª–æ–∂–µ–Ω–∏—è - –∞–≤—Ç–æ—Ä—ã —Å–ª–æ–≤–∞—Ä–µ–π ‚Äì –∫—Ä—É–ø–Ω–µ–π—à–∏–µ —É—á–µ–Ω—ã–µ –≤ –æ–±–ª–∞—Å—Ç–∏ —Ä—É—Å—Å–∫–æ–≥–æ —è–∑—ã–∫–∞ - –≤—Å–µ —Å–ª–æ–≤–∞—Ä–∏ –ø—Ä–æ—Ö–æ–¥—è—Ç –æ–±—è–∑–∞—Ç–µ–ª—å–Ω—É—é —ç–∫—Å–ø–µ—Ä—Ç–∏–∑—É –†–æ—Å—Å–∏–π—Å–∫–æ–π –ê–∫–∞–¥–µ–º–∏–∏ –ù–∞—É–∫ - –∫–∞–∂–¥—ã–π —Å–ª–æ–≤–∞—Ä—å –æ—Å–Ω–æ–≤–∞–Ω –Ω–∞ –Ω–æ–≤–µ–π—à–∏—Ö –∏—Å—Å–ª–µ–¥–æ–≤–∞–Ω–∏—è—Ö, —É—á–∏—Ç—ã–≤–∞—é—â–∏—Ö –∏–∑–º–µ–Ω–µ–Ω–∏—è –∏ —Ç–µ–Ω–¥–µ–Ω—Ü–∏–∏ —Ä–∞–∑–≤–∏—Ç–∏—è —Ä—É—Å—Å–∫–æ–≥–æ —è–∑—ã–∫–∞ - –∫–∞—á–µ—Å—Ç–≤–µ–Ω–Ω–æ–µ –ø–æ–ª–∏–≥—Ä–∞",432 —Å—Ç—Ä–∞–Ω–∏—Ü—ã,–∏—Å—Ç–æ—Ä–∏—á–µ—Å–∫–∏–µ,
5,–≠—Å–ø–µ—Ä–∞–Ω—Ç–æ-—Ä—É—Å—Å–∫–∏–π —Å–ª–æ–≤–∞—Ä—å,"–î–∞–Ω–Ω–æ–µ –∏–∑–¥–∞–Ω–∏–µ —è–≤–ª—è–µ—Ç—Å—è —Ä–µ–ø—Ä–∏–Ω—Ç–æ–º 2-–≥–æ, —Å—Ç–µ—Ä–µ–æ—Ç–∏–ø–Ω–æ–≥–æ –∏–∑–¥–∞–Ω–∏—è —Ä—É—Å—Å–∫–æ-—ç—Å–ø–µ—Ä–∞–Ω—Ç—Å–∫–æ–≥–æ —Å–ª–æ–≤–∞—Ä—è –õ. –ó–∞–º–µ–Ω–≥–æ—Ñ–∞. –ü–µ—Ä–≤–æ–µ –∏–∑–¥–∞–Ω–∏–µ —Å–ª–æ–≤–∞—Ä—è –≤—ã—à–ª–æ –≤ 1889 –≥–æ–¥—É, —Ç–æ –µ—Å—Ç—å —á–µ—Ä–µ–∑ –¥–≤–∞ –≥–æ–¥–∞ –ø–æ—Å–ª–µ –ø–æ—è–≤–ª–µ–Ω–∏—è ¬´–ü–µ—Ä–≤–æ–π –∫–Ω–∏–≥–∏¬ª. –≠—Ç–æ –ø–µ—Ä–≤—ã–π –≤ –º–∏—Ä–µ –Ω–∞—Ü–∏–æ–Ω–∞–ª—å–Ω–æ-—ç—Å–ø–µ—Ä–∞–Ω—Ç¬≠—Å–∫–∏–π —Å–ª–æ–≤–∞—Ä—å, –ø—Ä–µ–¥—à–µ—Å—Ç–≤–µ–Ω–Ω–∏–∫ —Å–æ—Ç–µ–Ω —Å–ª–æ–≤–∞—Ä–µ–π —ç—Å–ø–µ—Ä–∞–Ω—Ç–æ –Ω–∞ –º–Ω–æ–≥–∏—Ö —è–∑—ã–∫–∞—Ö.–î–ª—è —à–∏—Ä–æ–∫–æ–≥–æ –∫—Ä—É–≥–∞ —á–∏—Ç–∞—Ç–µ–ª–µ–π, –∏–Ω—Ç–µ—Ä–µ—Å—É—é—â–∏—Ö—Å—è —è–∑—ã–∫–æ–º —ç—Å–ø–µ—Ä–∞–Ω—Ç–æ.",264 —Å—Ç—Ä,–ø–∞—Ä–∞–ª–ª–µ–ª—å–Ω—ã–µ,
6,–°—É–±—ä–µ–∫—Ç–∏–≤–Ω—ã–π —Å–ª–æ–≤–∞—Ä—å —Ñ–∞–Ω—Ç–∞—Å—Ç–∏–∫–∏,"–ó–Ω–∞–∫–æ–º –ª–∏ –ü–∏–Ω–æ–∫–∫–∏–æ —Å –¢—Ä–µ–º—è –∑–∞–∫–æ–Ω–∞–º–∏ —Ä–æ–±–æ—Ç–µ—Ö–Ω–∏–∫–∏? –ó–∞–ª–µ—Ç–∞–ª–∏ –ª–∏ —É—ç–ª–ª—Å–æ–≤—Å–∫–∏–µ –º–∞—Ä—Å–∏–∞–Ω–µ –≤ –í–µ–ª–∏–∫–∏–π –ì—É—Å–ª—è—Ä? –ß—Ç–æ –æ–±—â–µ–≥–æ —É –ì–∞—Ä—Ä–∏ –ü–æ—Ç—Ç–µ—Ä–∞ –∏ –£–∏–Ω—Å—Ç–æ–Ω–∞ –ß–µ—Ä—á–∏–ª–ª—è? –ü–æ—á–µ–º—É —É –∏–Ω–æ–ø–ª–∞–Ω–µ—Ç—è–Ω —Ç–∞–∫–∏–µ –≥–ª—É–ø—ã–µ –∏–º–µ–Ω–∞? –ó–∞ —á—Ç–æ –ê—Ä—Ç—É—Ä–∞ –ö–ª–∞—Ä–∫–∞ –ø—Ä–æ–∫–ª—è–ª–∏ –≤ –¶–ö –í–õ–ö–°–ú? –≠—Ç–æ –ª–∏—à—å –º–∞–ª–∞—è —á–∞—Å—Ç—å –≤–æ–ø—Ä–æ—Å–æ–≤, –Ω–∞ –∫–æ—Ç–æ—Ä—ã–µ –∞–≤—Ç–æ—Ä –°—É–±—ä–µ–∫—Ç–∏–≤–Ω–æ–≥–æ —Å–ª–æ–≤–∞—Ä—è —Ñ–∞–Ω—Ç–∞—Å—Ç–∏–∫–∏ –¥–∞–µ—Ç —Å–∞–º—ã–µ –ø—Ä–∞–≤–¥–∏–≤—ã–µ –æ—Ç–≤–µ—Ç—ã. –°—Ä–µ–¥–∏ –ø–µ—Ä—Å–æ–Ω–∞–∂–µ–π —Å–ª–æ–≤–∞—Ä–Ω—ã—Ö —Å—Ç–∞—Ç–µ–π ‚Äî –ê–≥–∞—Å—Ñ–µ—Ä –∏ –ö–∞—Ä–ª—Å–æ–Ω, –ú–∏–∫–∫–∏ –ú–∞—É—Å –∏ –ú–∞—Ç—Ä–∏—Ü–∞, –ê—ç–ª–∏—Ç–∞ –∏ –§—Ä–∞–Ω–∫–µ–Ω—à—Ç–µ–π–Ω, –ö–æ–Ω–∞–Ω-–≤–∞—Ä–≤–∞—Ä –∏ –ü–æ–ª–∏–≥—Ä–∞—Ñ –ü–æ–ª–∏–≥—Ä–∞—Ñ–æ–≤–∏—á –®–∞—Ä–∏–∫–æ–≤, –∏ –µ—â–µ –º–Ω–æ–≥–æ –¥—Ä—É–≥–∏—Ö ‚Äî –∑–Ω–∞–º–µ–Ω–∏—Ç–æ—Å—Ç–µ–π –∏ –≥–µ—Ä–æ–µ–≤ –Ω–µ–≤–∏–¥–∏–º–æ–≥–æ —Ñ—Ä–æ–Ω—Ç–∞... –¢–∞–∫–∏—Ö —Å–ª–æ–≤–∞—Ä–µ–π —Ä–∞–Ω—å—à–µ –Ω–µ –±—ã–ª–æ: –¥–ª—è –†–æ–º–∞–Ω–∞ –ê—Ä–±–∏—Ç–º–∞–Ω–∞ ‚Äî –ª–∏—Ç–µ—Ä–∞—Ç—É—Ä–æ–≤–µ–¥–∞, –∫–∏–Ω–æ–∫—Ä–∏—Ç–∏–∫–∞, —Å–ø–µ—Ü–∏–∞–ª–∏—Å—Ç–∞ –ø–æ —Ç–µ–ª–µ—Å–µ—Ä–∏–∞–ª–∞–º, –∞ —Ç–∞–∫–∂–µ –ø–∏—Å–∞—Ç–µ–ª—è-—Ñ–∞–Ω—Ç–∞—Å—Ç–∞ ‚Äî –º–∏—Ä–æ–≤–∞—è —Ñ–∞–Ω—Ç–∞—Å—Ç–∏–∫–∞ —É–∂–µ –¥–∞–≤–Ω–æ –Ω–µ –æ–±—ä–µ–∫—Ç –∏–∑—É—á–µ–Ω–∏—è, –∞ —Ä–æ–¥–Ω–∞—è –∫–æ–º–º—É–Ω–∞–ª—å–Ω–∞—è –∫–≤–∞—Ä—Ç–∏—Ä–∞, –∫–æ—Ç–æ—Ä—É—é –æ–Ω –∑–Ω–∞–µ—Ç –∏–∑–Ω—É—Ç—Ä–∏ –∏ –º–æ–∂–µ—Ç —Ä–∞—Å—Å–∫–∞–∑–∞—Ç—å –æ –º–Ω–æ–≥–∏—Ö –∂–∏–ª—å—Ü–∞—Ö —Ç–∞–∫–æ-–æ-–æ-–µ... –ü–µ—Ä—Å–æ–Ω–∞–∂–∏ —Ñ–∞–Ω—Ç–∞—Å—Ç–∏–∫–∏ –∏ –∏—Ö —Å–æ–∑–¥–∞—Ç–µ–ª–∏ ‚Äî —ç—Ç–æ –µ–≥–æ —Ä–æ–¥–Ω—ã–µ, —Å–æ—Å–µ–¥–∏, –¥—Ä—É–∑—å—è –∏–ª–∏ –≤—Ä–∞–≥–∏, –æ –∫–æ—Ç–æ—Ä—ã—Ö –æ–Ω –ø–∏—à–µ—Ç —Ç–æ —Å –≤–æ—Å—Ç–æ—Ä–≥–æ–º –∏ –ø–æ—á—Ç–∏—Ç–µ–ª—å–Ω—ã–º –ø—Ä–∏–¥—ã—Ö–∞–Ω–∏–µ–º, —Ç–æ —Å –≥–Ω–µ–≤–æ–º –∏ —Å –ø—Ä–∏—Å—Ç—Ä–∞—Å—Ç–∏–µ–º, –≤—Ä–µ–º–µ–Ω–∞–º–∏ –ø–µ—Ä–µ—Ö–æ–¥—è –Ω–∞ –ª–∏—á–Ω–æ—Å—Ç–∏ –Ω–∞ –≥—Ä–∞–Ω–∏ —Ä—É–∫–æ–ø—Ä–∏–∫–ª–∞–¥—Å—Ç–≤–∞. –í –æ–±—â–µ–º, –≤—Å—ë, –∫–∞–∫ –ø—Ä–∏–Ω—è—Ç–æ —É –±–ª–∏–∑–∫–∏—Ö —Ä–æ–¥—Å—Ç–≤–µ–Ω–Ω–∏–∫–æ–≤. –¢–µ–º, –∫—Ç–æ –º–∞–ª–æ–≤–∞—Ç–æ –∑–Ω–∞–µ—Ç –æ —Ñ–∞–Ω—Ç–∞—Å—Ç–∏–∫–µ, –±—É–¥–µ—Ç –∏–Ω—Ç–µ—Ä–µ—Å–Ω–æ –ø–æ–Ω–∞–±–ª—é–¥–∞—Ç—å —Å–æ —Å—Ç–æ—Ä–æ–Ω—ã –∏ —É—Å–≤–æ–∏—Ç—å –º–Ω–æ–≥–æ –Ω–æ–≤–æ–≥–æ. –ù—É –∞ —Ç–µ, –∫—Ç–æ —Ñ–∞–Ω—Ç–∞—Å—Ç–∏–∫—É –∑–Ω–∞–µ—Ç —Ö–æ—Ä–æ—à–æ, –µ–¥–≤–∞ –ª–∏ —Å–¥–µ—Ä–∂–∞—Ç –∂–µ–ª–∞–Ω–∏–µ –ø–æ—Å–ø–æ—Ä–∏—Ç—å —Å –∞–≤—Ç–æ—Ä–æ–º –∫–Ω–∏–≥–∏.",480 —Å—Ç—Ä,–º—É–ª—å—Ç–∏–º–µ–¥–∏–π–Ω—ã–π,
7,–ë–µ—Å—Ç–æ–ª–∫–æ–≤—ã–µ —Å–ª–æ–≤–∞—Ä–∏ (–¢–æ—Ç –°–∞–º—ã–π –°–ª–æ–≤–∞—Ä—å SlovoDna 2023 –ë–µ—Å—Ç–æ–ª–∫–æ–≤—ã–π —Å–ª–æ–≤–∞—Ä—å),,,,
8,–ë–æ–ª—å—à–æ–π —Å–ª–æ–≤–∞—Ä—å –º–∞—Ç–∞,"–ë–æ–ª—å—à–æ–π —Å–ª–æ–≤–∞—Ä—å –º–∞—Ç–∞. –¢. 1. ‚Äì –°–ü–±.: –û–û–û ‚Äú–ò–∑–¥–∞—Ç–µ–ª—å—Å—Ç–≤–æ ‚Äú–õ–∏–º–±—É—Å –ü—Ä–µ—Å—Å‚Äù, 2005.
–ú–∞—Ç–µ—Ä–∏–∞–ª—ã –∫ —Å–ª–æ–≤–∞—Ä—é —Ä—É—Å—Å–∫–æ–≥–æ –º–∞—Ç–∞. –¢. 2. ‚Äì –°–ü–±.: –û–û–û ‚Äú–ò–∑–¥–∞—Ç–µ–ª—å—Å—Ç–≤–æ ‚Äú–õ–∏–º–±—É—Å –ü—Ä–µ—Å—Å‚Äù, 2005. ","–¢. 1: 392 —Å—Ç—Ä.
–¢. 2: 538 —Å—Ç—Ä.",–æ—Å–Ω–æ–≤–Ω–æ–π,
9,–°–ª–æ–≤–∞—Ä—å –Ω–∞—Ä–∫–æ—Ç–∏—á–µ—Å–∫–æ–≥–æ —Å–ª–µ–Ω–≥–∞,–°–ª–æ–≤–∞—Ä—å –Ω–∞—Ä–∫–æ—Ç–∏—á–µ—Å–∫–æ–≥–æ —Å–ª–µ–Ω–≥–∞ // DiscOnline URL: https://www.dicsonline.ru/slovary/slovar-narkoticheskogo-slenga,213 —Å–ª–æ–≤–∞—Ä–Ω—ã—Ö —Å—Ç–∞—Ç–µ–π,–æ—Å–Ω–æ–≤–Ω–æ–π,https://www.dicsonline.ru/slovary/slovar-narkoticheskogo-slenga
10,–î–∂–∏–Ω—Å–æ–≤—ã–π —Å–ª–æ–≤–∞—Ä—å,–î–∂–∏–Ω—Å–æ–≤—ã–π —Å–ª–æ–≤–∞—Ä—å –æ–Ω–ª–∞–π–Ω // DiscOnline URL: https://www.dicsonline.ru/slovary/dzhinsovyy-slovar,116 —Å–ª–æ–≤–∞—Ä–Ω—ã—Ö —Å—Ç–∞—Ç–µ–π,–ø–∞—Ä–∞–ª–ª–µ–ª—å–Ω—ã–µ,https://www.dicsonline.ru/slovary/dzhinsovyy-slovar
11,–°–ª–æ–≤–∞—Ä—å –º–æ–¥—ã,–°–ª–æ–≤–∞—Ä—å –º–æ–¥—ã // DiscOnline URL: https://www.dicsonline.ru/slovary/slovar-mody,122 —Å–ª–æ–≤–∞—Ä–Ω—ã—Ö —Å—Ç–∞—Ç—å–∏,–æ—Å–Ω–æ–≤–Ω–æ–π,https://www.dicsonline.ru/slovary/slovar-mody
12,–ë–æ–ª—å—à–æ–π —Ç–æ–ª–∫–æ–≤—ã–π —Å–ª–æ–≤–∞—Ä—å –¥–æ–Ω—Å–∫–æ–≥–æ –∫–∞–∑–∞—á–µ—Å—Ç–≤–∞,"–ë–æ–ª—å—à–æ–π —Ç–æ–ª–∫–æ–≤—ã–π —Å–ª–æ–≤–∞—Ä—å –¥–æ–Ω—Å–∫–æ–≥–æ –∫–∞–∑–∞—á–µ—Å—Ç–≤–∞: –û–∫. –ë79 18 000 —Å–ª–æ–≤ –∏ —É—Å—Ç–æ–π—á–∏–≤, —Å–ª–æ–≤–æ—Å–æ—á–µ—Ç–∞–Ω–∏–π / –†–æ—Å—Ç–æ–≤, –≥–æ—Å. —É–Ω-—Ç; –§-—Ç —Ñ–∏–ª–æ–ª–æ–≥–∏–∏ –∏ –∂—É—Ä–Ω–∞–ª–∏—Å—Ç–∏–∫–∏; –ö–∞—Ñ. –æ–±—â. –∏ —Å—Ä–∞–≤–Ω–∏—Ç–µ–ª—å–Ω. —è–∑—ã–∫–æ–∑–Ω–∞–Ω–∏—è. ‚Äî –ú.: –û–û–û ¬´–†—É—Å—Å–∫–∏–µ —Å–ª–æ–≤–∞—Ä–∏¬ª: –û–û–û ¬´–ò–∑–¥–∞—Ç–µ–ª—å—Å—Ç–≤–æ –ê—Å—Ç—Ä–µ–ª—å¬ª: –û–û–û ¬´–ò–∑–¥–∞—Ç–µ–ª—å—Å—Ç–≤–æ ACT¬ª, 2003",–û–∫–æ–ª–æ 18000 —Å–ª–æ–≤ –∏ —É—Å—Ç–æ–π—á–∏–≤—ã—Ö —Å–æ—á–µ—Ç–∞–Ω–∏–π,–æ—Å–Ω–æ–≤–Ω–æ–π,"–µ—Å—Ç—å –ø–¥—Ñ, –Ω–æ —ç—Ç–æ –ø–∏—Ä–∞—Ç—Å—Ç–≤–æ"
13,–¢–æ–ª–∫–æ–≤—ã–π —Å–ª–æ–≤–∞—Ä—å —Å–ª–æ–≤–æ–æ–±—Ä–∞–∑–æ–≤–∞—Ç–µ–ª—å–Ω—ã—Ö –µ–¥–∏–Ω–∏—Ü —Ä—É—Å—Å–∫–æ–≥–æ —è–∑—ã–∫–∞,,,,
14,–†—É—Å—Å–∫–∏–π –º–∞—Ç. –¢–æ–ª–∫–æ–≤—ã–π —Å–ª–æ–≤–∞—Ä—å,"@book{–∞—Ö–º–µ—Ç–æ–≤–∞1997—Ä—É—Å—Å–∫–∏–π,
  title={–†—É—Å—Å–∫–∏–π –º–∞—Ç: —Ç–æ–ª–∫–æ–≤—ã–π —Å–ª–æ–≤–∞—Ä—å},
  author={–ê—Ö–º–µ—Ç–æ–≤–∞, –¢–∞—Ç—å—è–Ω–∞ –í–∞—Å–∏–ª—å–µ–≤–Ω–∞},
  year={1997},
  publisher={–ö–æ–ª–æ–∫–æ–ª-–ø—Ä–µ—Å—Å}
}",576 —Å—Ç—Ä–∞–Ω–∏—Ü,—Å–æ—Ü—Å–µ—Ç–∏,
15,"–°–ª–æ–≤–∞—Ä—å –ø—Å–µ–≤–¥–æ–Ω–∏–º–æ–≤ —Ä—É—Å—Å–∫–∏—Ö –ø–∏—Å–∞—Ç–µ–ª–µ–π, —É—á–µ–Ω—ã—Ö –∏ –æ–±—â–µ—Å—Ç–≤–µ–Ω–Ω—ã—Ö –¥–µ—è—Ç–µ–ª–µ–π","–ú–∞—Å–∞–Ω–æ–≤ –ò.–§., –°–ª–æ–≤–∞—Ä—å –ø—Å–µ–≤–¥–æ–Ω–∏–º–æ–≤ —Ä—É—Å—Å–∫–∏—Ö –ø–∏—Å–∞—Ç–µ–ª–µ–π, —É—á–µ–Ω—ã—Ö –∏ –æ–±—â–µ—Å—Ç–≤–µ–Ω–Ω—ã—Ö –¥–µ—è—Ç–µ–ª–µ–π. –¢. 1. –ê–ª—Ñ–∞–≤–∏—Ç–Ω—ã–π —É–∫–∞–∑–∞—Ç–µ–ª—å –ø—Å–µ–≤–¥–æ–Ω–∏–º–æ–≤. –ü—Å–µ–≤–¥–æ–Ω–∏–º—ã —Ä—É—Å—Å–∫–æ–≥–æ –∞–ª—Ñ–∞–≤–∏—Ç–∞. –ê-–ò.–ú., 1956.
–ú–∞—Å–∞–Ω–æ–≤ –ò.–§., –°–ª–æ–≤–∞—Ä—å –ø—Å–µ–≤–¥–æ–Ω–∏–º–æ–≤ —Ä—É—Å—Å–∫–∏—Ö –ø–∏—Å–∞—Ç–µ–ª–µ–π, —É—á–µ–Ω—ã—Ö –∏ –æ–±—â–µ—Å—Ç–≤–µ–Ω–Ω—ã—Ö –¥–µ—è—Ç–µ–ª–µ–π. –¢. 2. –ê–ª—Ñ–∞–≤–∏—Ç–Ω—ã–π —É–∫–∞–∑–∞—Ç–µ–ª—å –ø—Å–µ–≤–¥–æ–Ω–∏–º–æ–≤. –ü—Å–µ–≤–¥–æ–Ω–∏–º—ã —Ä—É—Å—Å–∫–æ–≥–æ –∞–ª—Ñ–∞–≤–∏—Ç–∞. –ö-–ü. –ú. 1957.
–ú–∞—Å–∞–Ω–æ–≤ –ò.–§., –°–ª–æ–≤–∞—Ä—å –ø—Å–µ–≤–¥–æ–Ω–∏–º–æ–≤ —Ä—É—Å—Å–∫–∏—Ö –ø–∏—Å–∞—Ç–µ–ª–µ–π, —É—á–µ–Ω—ã—Ö –∏ –æ–±—â–µ—Å—Ç–≤–µ–Ω–Ω—ã—Ö –¥–µ—è—Ç–µ–ª–µ–π. –¢. 3. –ê–ª—Ñ–∞–≤–∏—Ç–Ω—ã–π —É–∫–∞–∑–∞—Ç–µ–ª—å –ø—Å–µ–≤–¥–æ–Ω–∏–º–æ–≤. –ü—Å–µ–≤–¥–æ–Ω–∏–º—ã —Ä—É—Å—Å–∫–æ–≥–æ –∞–ª—Ñ–∞–≤–∏—Ç–∞. –†-–Ø. –ú. 1958.
–ú–∞—Å–∞–Ω–æ–≤ –ò.–§., –°–ª–æ–≤–∞—Ä—å –ø—Å–µ–≤–¥–æ–Ω–∏–º–æ–≤ —Ä—É—Å—Å–∫–∏—Ö –ø–∏—Å–∞—Ç–µ–ª–µ–π, —É—á–µ–Ω—ã—Ö –∏ –æ–±—â–µ—Å—Ç–≤–µ–Ω–Ω—ã—Ö –¥–µ—è—Ç–µ–ª–µ–π. –¢. 4. –ú. 1960.","452 —Å—Ç—Ä. (—Ç–æ–º 1), 389 —Å—Ç—Ä. (—Ç–æ–º 2), 417 —Å—Ç—Ä. (—Ç–æ–º 3), 561 —Å—Ç—Ä. (—Ç–æ–º 4)",–æ—Å–Ω–æ–≤–Ω–æ–π,https://rusneb.ru/catalog/000199_000009_005630904/
16,–ö–Ω–∏–≥–∞ –≤—ã–º—ã—à–ª–µ–Ω–Ω—ã—Ö –∂–∏–≤–æ—Ç–Ω—ã—Ö,,,,
17,"–í–∞—à—É –º–∞—Ç—å, —Å—ç—Ä! –ò–ª–ª—é—Å—Ç—Ä–∏—Ä–æ–≤–∞–Ω–Ω—ã–π —Å–ª–æ–≤–∞—Ä—å –∞–º–µ—Ä–∏–∫–∞–Ω—Å–∫–æ–≥–æ —Å–ª–µ–Ω–≥–∞ –±–µ–∑ –∫—É–ø—é—Ä","–ú–æ—Å–∫–æ–≤—Ü–µ–≤ –ù., –®–µ–≤—á–µ–Ω–∫–æ –°. –í–∞—à—É –º–∞—Ç—å, —Å—ç—Ä! –ò–ª–ª—é—Å—Ç—Ä–∏—Ä–æ–≤–∞–Ω–Ω—ã–π —Å–ª–æ–≤–∞—Ä—å –∞–º–µ—Ä–∏–∫–∞–Ω—Å–∫–æ–≥–æ —Å–ª–µ–Ω–≥–∞. -- –°–ü–±.: –ü–∏—Ç–µ—Ä, 2012. ",416 —Å—Ç—Ä.,–ø–∞—Ä–∞–ª–ª–µ–ª—å–Ω—ã–µ,
18,–°–ª–æ–≤–∞—Ä—å —Ç—Ä—É–¥–Ω–æ—Å—Ç–µ–π —Ä—É—Å—Å–∫–æ–≥–æ —è–∑—ã–∫–∞,"–†–æ–∑–µ–Ω—Ç–∞–ª—å –î. –≠., –¢–µ–ª–µ–Ω–∫–æ–≤–∞ –ú. –ê. –°–ª–æ–≤–∞—Ä—å —Ç—Ä—É–¥–Ω–æ—Å—Ç–µ–π —Ä—É—Å—Å–∫–æ–≥–æ —è–∑—ã–∫–∞ -- 3-–µ –∏–∑–¥. -- –ú.: –ê–π—Ä–∏—Å-–ü—Ä–µ—Å—Å, 2003.","832 —Å—Ç—Ä., 20000 —Å–ª–æ–≤",–æ—Å–Ω–æ–≤–Ω–æ–π,"–µ—Å—Ç—å –ø–¥—Ñ, –Ω–æ —ç—Ç–æ –ø–∏—Ä–∞—Ç—Å—Ç–≤–æ (–∏ –æ–Ω–∞ –Ω–µ—Ä–∞—Å–ø–æ–∑–Ω–∞–Ω–Ω–∞—è)"
19,–°–ª–æ–≤–∞—Ä—å —è–∑—ã–∫–∞ –∏–Ω—Ç–µ—Ä–Ω–µ—Ç–∞. ru,"@book{–∫—Ä–æ–Ω–≥–∞—É–∑2016—Å–ª–æ–≤–∞—Ä—å,
  title={–°–ª–æ–≤–∞—Ä—å —è–∑—ã–∫–∞ –∏–Ω—Ç–µ—Ä–Ω–µ—Ç–∞. ru},
  author={–ö—Ä–æ–Ω–≥–∞—É–∑, –ú–∞–∫—Å–∏–º –ê–Ω–∏—Å–∏–º–æ–≤–∏—á and –õ–∏—Ç–≤–∏–Ω, –ï–≤–≥–µ–Ω–∏—è –ê–ª–µ–∫—Å–∞–Ω–¥—Ä–æ–≤–Ω–∞ and –ú–µ—Ä–∑–ª—è–∫–æ–≤–∞, –í–∏–∫—Ç–æ—Ä–∏—è –ù–∏–∫–æ–ª–∞–µ–≤–Ω–∞ and –ü–∏–ø–µ—Ä—Å–∫–∏, –ê–ª–µ–∫—Å–∞–Ω–¥—Ä –ß–µ–¥–æ–≤–∏—á and –°–æ–º–∏–Ω, –ê–Ω—Ç–æ–Ω –ê–ª–µ–∫—Å–∞–Ω–¥—Ä–æ–≤–∏—á and –ß–µ—Ä–Ω–µ–Ω–∫–æ, –Æ–ª–∏—è –ê–ª–µ–∫—Å–∞–Ω–¥—Ä–æ–≤–Ω–∞},
  year={2016},
  publisher={–ê–°–¢-–ü—Ä–µ—Å—Å –ö–Ω–∏–≥–∞}
}",288 —Å—Ç—Ä–∞–Ω–∏—Ü; –±–æ–ª–µ–µ 200 —Å—Ç–∞—Ç–µ–π,,
20,–°–ª–æ–≤–∞—Ä—å –æ—à–∏–±–æ–∫ —Ä—É—Å—Å–∫–æ–≥–æ —è–∑—ã–∫–∞,"–ö—Ä—ã–ª–æ–≤ –ê. –ì. –°–ª–æ–≤–∞—Ä—å –æ—à–∏–±–æ–∫ —Ä—É—Å—Å–∫–æ–≥–æ —è–∑—ã–∫–∞. -- –°–ü–±.: –í–∏–∫—Ç–æ—Ä–∏—è –ø–ª—é—Å, 2009",80 —Å—Ç—Ä.,–æ—Å–Ω–æ–≤–Ω–æ–π,
21,–†—É–≥–∞—Ç–µ–ª—å—Å—Ç–≤–∞ –Ω–∞ 15 —è–∑—ã–∫–∞—Ö. –ö–∞—Ä–º–∞–Ω–Ω—ã–π —Å–ª–æ–≤–∞—Ä—å-—Ä–∞–∑–≥–æ–≤–æ—Ä–Ω–∏–∫,"–¢—É—Ä–∏–Ω –ê. –ê. –†—É–≥–∞—Ç–µ–ª—å—Å—Ç–≤–∞ –Ω–∞ –ø—è—Ç–Ω–∞–¥—Ü–∞—Ç–∏ —è–∑—ã–∫–∞—Ö: –ö–∞—Ä–º–∞–Ω–Ω—ã–π —Å–ª–æ–≤–∞—Ä—å-—Ä–∞–∑–≥–æ–≤–æ—Ä–Ω–∏–∫ / –°–æ—Å—Ç. –ê. –ê. –¢—É—Ä–∏–Ω. ‚Äî –°–ü–±.: –°–æ–≤–∞; –ú.: ACT, 2008",126 —Å—Ç—Ä.,–ø–∞—Ä–∞–ª–ª–µ–ª—å–Ω—ã–µ,–µ—Å—Ç—å –ø–∏—Ä–∞—Ç—Å–∫–∞—è –ø–¥—Ñ–∫–∞
22,"–†—É—Å—Å–∫–æ–µ —Å–∫–≤–µ—Ä–Ω–æ—Å–ª–æ–≤–∏–µ. –ö—Ä–∞—Ç–∫–∏–π, –Ω–æ –≤—ã—Ä–∞–∑–∏—Ç–µ–ª—å–Ω—ã–π —Å–ª–æ–≤–∞—Ä—å","–ú–æ–∫–∏–µ–Ω–∫–æ –í. –ú., –ù–∏–∫–∏—Ç–∏–Ω–∞ –¢. –ì. –†—É—Å—Å–∫–æ–µ —Å–∫–≤–µ—Ä–Ω–æ—Å–ª–æ–≤–∏–µ. –ö—Ä–∞—Ç–∫–∏–π, –Ω–æ –≤—ã—Ä–∞–∑–∏—Ç–µ–ª—å–Ω—ã–π —Å–ª–æ–≤–∞—Ä—å -- –ú.: –ó–ê–û ""–û–õ–ú–ê –ú–µ–¥–∏–∞ –ì—Ä—É–ø–ø"", 2008",384 —Å—Ç—Ä.,–æ—Å–Ω–æ–≤–Ω–æ–π,
23,–°–ª–æ–≤–∞—Ä—å —É–¥–∞—Ä–µ–Ω–∏–π –¥–ª—è —Ä–∞–±–æ—Ç–Ω–∏–∫–æ–≤ —Ä–∞–¥–∏–æ –∏ —Ç–µ–ª–µ–≤–∏–¥–µ–Ω–∏—è,"–ê–≥–µ–µ–Ω–∫–æ –§. –õ., –ó–∞—Ä–≤–∞ –ú. –í. –°–ª–æ–≤–∞—Ä—å —É–¥–∞—Ä–µ–Ω–∏–π –¥–ª—è —Ä–∞–±–æ—Ç–Ω–∏–∫–æ–≤ —Ä–∞–¥–∏–æ –∏ —Ç–µ–ª–µ–≤–∏–¥–µ–Ω–∏—è: –û–∫. 75 000 —Å–ª–æ–≤ / –ü–æ–¥ —Ä–µ–¥. –†–æ–∑–µ–Ω—Ç–∞–ª—è –î. –≠. ‚Äî 6-–µ –∏–∑–¥., —Å—Ç–µ—Ä. ‚Äî –ú.: –†—É—Å—Å–∫–∏–π —è–∑—ã–∫, 1985.","804 —Å—Ç—Ä., –æ–∫. 75000 —Å–ª–æ–≤",–æ—Å–Ω–æ–≤–Ω–æ–π,
24,–°–ø—Ä–∞–≤–æ—á–Ω–∏–∫ –ª–∏—á–Ω—ã—Ö –∏–º–µ–Ω –Ω–∞—Ä–æ–¥–æ–≤ –†–°–§–°–†,"–°–ø—Ä–∞–≤–æ—á–Ω–∏–∫ –ª–∏—á–Ω—ã—Ö –∏–º—ë–Ω –Ω–∞—Ä–æ–¥–æ–≤ –†–°–§–°–† / –ø–æ–¥. —Ä–µ–¥. –ê. –í. –°—É–ø–µ—Ä–∞–Ω—Å–∫–æ–π (–æ—Ç–≤. —Ä–µ–¥.), –Æ. –ú. –ì—É—Å–µ–≤–∞. ‚Äî 3-–µ –∏–∑–¥–∞–Ω–∏–µ, –∏—Å–ø—Ä–∞–≤–ª–µ–Ω–Ω–æ–µ. ‚Äî –ú.: –†—É—Å—Å–∫–∏–π —è–∑—ã–∫, 1987.",656 —Å—Ç—Ä.,–æ—Å–Ω–æ–≤–Ω–æ–π,–µ—Å—Ç—å –ø–∏—Ä–∞—Ç—Å–∫–∞—è –ø–¥—Ñ–∫–∞
25,–°–ª–æ–≤–∞—Ä—å –º–æ–¥–Ω—ã—Ö —Å–ª–æ–≤. –Ø–∑—ã–∫–æ–≤–∞—è –∫–∞—Ä—Ç–∏–Ω–∞ —Å–æ–≤—Ä–µ–º–µ–Ω–Ω–æ—Å—Ç–∏,"–ù–æ–≤–∏–∫–æ–≤ –í–ª. –°–ª–æ–≤–∞—Ä—å –º–æ–¥–Ω—ã—Ö —Å–ª–æ–≤: —è–∑—ã–∫–æ–≤–∞—è –∫–∞—Ä—Ç–∏–Ω–∞ —Å–æ–≤—Ä–µ–º–µ–Ω–Ω–æ—Å—Ç–∏. - –ú. : –ê–°–¢-–ü—Ä–µ—Å—Å, 2011.",256 —Å—Ç—Ä.,–æ—Å–Ω–æ–≤–Ω–æ–π,
26,–°–ª–æ–≤–∞—Ä—å —Å–∏–Ω–æ–Ω–∏–º–æ–≤ —Ä—É—Å—Å–∫–æ–≥–æ —è–∑—ã–∫–∞,"–ê–ª–µ–∫—Å–∞–Ω–¥—Ä–æ–≤–∞ –ó. –ï. –°–ª–æ–≤–∞—Ä—å —Å–∏–Ω–æ–Ω–∏–º–æ–≤ —Ä—É—Å—Å–∫–æ–≥–æ —è–∑—ã–∫–∞: –ü—Ä–∞–∫—Ç–∏—á–µ—Å–∫–∏–π —Å–ø—Ä–∞–≤–æ—á–Ω–∏–∫: –û–∫. 11 000 —Å–∏–Ω–æ–Ω–∏–º. —Ä—è–¥–æ–≤ -- 11-–µ –∏–∑–¥., –ø–µ—Ä–µ—Ä–∞–±. –∏ –¥–æ–ø. -- –ú.: –†—É—Å. —è–∑. -- 2001",568 —Å—Ç—Ä.,–æ—Å–Ω–æ–≤–Ω–æ–π,
27,–ú–∞–ª—ã–π —Å–ª–æ–≤–∞—Ä—å –∫–æ—à–∞—á—å–∏—Ö –∏ –∫–æ—à–∫–æ—è–∑—ã—á–Ω—ã—Ö –≤—ã—Ä–∞–∂–µ–Ω–∏–π,"–í–µ—Ç–µ—Ä–æ–≤–∏—á –ü., –ú–∞–ª—ã–π —Å–ª–æ–≤–∞—Ä—å –∫–æ—à–∞—á—å–∏—Ö –∏ –∫–æ—à–∫–æ—è–∑—ã—á–Ω—ã—Ö –≤—ã—Ä–∞–∂–µ–Ω–∏–π, Media Rodzina, –ü–æ–∑–Ω–∞–Ω—å, 2014",64 —Å—Ç—Ä.,–æ—Å–Ω–æ–≤–Ω–æ–π,
28,–ú–æ–π –ª–∏—á–Ω—ã–π —è–∑—ã–∫. –ê–≤—Ç–æ–±–∏–æ–≥—Ä–∞—Ñ–∏—á–µ—Å–∫–∏–π —Å–ª–æ–≤–∞—Ä—å,,,,
29,–ü–æ–ª—å—Å–∫–∏–π —Å–ª–æ–≤–∞—Ä—å –ø—å—è–Ω–∏—Ü,,,,
30,–ù–∞—Å—Ç–æ–ª—å–Ω—ã–π —Å–ª–æ–≤–∞—Ä–∏–∫ —Ç—Ä—É–¥–Ω–µ–π—à–∏—Ö —Å–ª–æ–≤ –∏ –≤—ã—Ä–∞–∂–µ–Ω–∏–π,,,,
31,–°–ª–æ–≤–∞—Ä—å –∂–µ–Ω—Å–∫–∏—Ö –Ω–∞–∑–≤–∞–Ω–∏–π –ø–æ–ª—å—Å–∫–æ–≥–æ —è–∑—ã–∫–∞,,,,
32,–°–ª–æ–≤–∞—Ä—å –Ω–∞–ø–æ–º–∏–Ω–∞–Ω–∏–π,,,,
33,–°–ª–æ–≤–∞—Ä—å —Ä–µ–¥–∫–∏—Ö –∏ –∑–∞–±—ã—Ç—ã—Ö —Å–ª–æ–≤,"–°–æ–º–æ–≤ –í. –ü. –°–ª–æ–≤–∞—Ä—å —Ä–µ–¥–∫–∏—Ö –∏ –∑–∞–±—ã—Ç—ã—Ö —Å–ª–æ–≤. -- –ì—É–º–∞–Ω–∏—Ç. –∏–∑–¥. —Ü–µ–Ω—Ç—Ä –í–õ–ê–î–û–°, 1996",764 —Å—Ç—Ä.,–æ—Å–Ω–æ–≤–Ω–æ–π,
34,–°–ª–æ–≤–∞—Ä—å —Ü–≤–µ—Ç–∞ –¥–ª—è –¥–∏–∑–∞–π–Ω–µ—Ä–æ–≤,–∫–Ω–∏–≥–∞ –µ—Å—Ç—å –Ω–∞ –æ–∑–æ–Ω–µ (–æ–ø–∏—Å–∞–Ω–∏–µ),,,
35,–¢–µ—Ä–º–∏–Ω–æ–ª–æ–≥–∏—á–µ—Å–∫–∏–π —Å–ª–æ–≤–∞—Ä—å –ø–æ –∞–Ω—Ç–µ–Ω–Ω–æ-—Ñ–∏–¥–µ—Ä–Ω—ã–º —É—Å—Ç—Ä–æ–π—Å—Ç–≤–∞–º,–∫–Ω–∏–≥–∞ –µ—Å—Ç—å –Ω–∞ –æ–∑–æ–Ω–µ (–æ–ø–∏—Å–∞–Ω–∏–µ),,,
36,—Å–ª–æ–≤–∞—Ä—å –¥—Ä–µ—Å—Å–∏—Ä–æ–≤—â–∏–∫–∞,–∫–Ω–∏–≥–∞ –µ—Å—Ç—å –Ω–∞ –æ–∑–æ–Ω–µ (–æ–ø–∏—Å–∞–Ω–∏–µ),,,
37,–°–ª–æ–≤–∞—Ä—å –ª–∏–Ω–≥–≤–æ–∫—É–ª—å—Ç—É—Ä–Ω–æ–π –≥—Ä–∞–º–æ—Ç–Ω–æ—Å—Ç–∏,–∫–Ω–∏–≥–∞ –µ—Å—Ç—å –Ω–∞ –æ–∑–æ–Ω–µ (–æ–ø–∏—Å–∞–Ω–∏–µ),,,
38,–ª–µ—Å–æ—Ç–µ—Ö–Ω–∏—á–µ—Å–∫–∏–π —Ç–æ–ª–∫–æ–≤—ã–π —Å–ª–æ–≤–∞—Ä—å,–∫–Ω–∏–≥–∞ –µ—Å—Ç—å –Ω–∞ –æ–∑–æ–Ω–µ (–æ–ø–∏—Å–∞–Ω–∏–µ),,,
39,–õ–µ—Å–Ω–æ–π —Ç–æ–ª–∫–æ–≤—ã–π —Å–ª–æ–≤–∞—Ä—å,–∫–Ω–∏–≥–∞ –µ—Å—Ç—å –Ω–∞ –æ–∑–æ–Ω–µ (–æ–ø–∏—Å–∞–Ω–∏–µ),,,
40,–ë–æ–ª—å—à–æ–π —Å–ª–æ–≤–∞—Ä—å —Ü–µ—Ä–∫–æ–≤–Ω–æ—Å–ª–∞–≤—è–Ω—Å–∫–æ–≥–æ —è–∑—ã–∫–∞ –Ω–æ–≤–æ–≥–æ –≤—Ä–µ–º–µ–Ω–∏,–∫–Ω–∏–≥–∞ –µ—Å—Ç—å –Ω–∞ –æ–∑–æ–Ω–µ (–æ–ø–∏—Å–∞–Ω–∏–µ),,,
41,–°–ª–æ–≤–∞—Ä—å-—Ç–µ–∑–∞—É—Ä—É—Å —Ä—É—Å—Å–∫–∏—Ö –ø–æ—Å–ª–æ–≤–∏—Ü –∏ –ø–æ–≥–æ–≤–æ—Ä–æ–∫.,–∫–Ω–∏–≥–∞ –µ—Å—Ç—å –Ω–∞ –æ–∑–æ–Ω–µ (–æ–ø–∏—Å–∞–Ω–∏–µ),,,
42,–°–ª–æ–≤–∞—Ä—å —É–¥–∞—Ä–µ–Ω–∏–π —Ä—É—Å—Å–∫–æ–≥–æ —è–∑—ã–∫–∞,–∫–Ω–∏–≥–∞ –µ—Å—Ç—å –Ω–∞ –æ–∑–æ–Ω–µ (–æ–ø–∏—Å–∞–Ω–∏–µ),,,
43,"–ê–≤—Ç–æ–º–æ–±–∏–ª—å–Ω—ã–µ –¥–æ—Ä–æ–≥–∏, –º–æ—Å—Ç—ã –∏ —Ç–æ–Ω–Ω–µ–ª–∏. –†—É—Å—Å–∫–æ-–∞–Ω–≥–ª–∏–π—Å–∫–∏–π —Å–ª–æ–≤–∞—Ä—å",–∫–Ω–∏–≥–∞ –µ—Å—Ç—å –Ω–∞ –æ–∑–æ–Ω–µ (–æ–ø–∏—Å–∞–Ω–∏–µ),,,
44,–±–∞–ª–µ—Ç. —Ç–∞–Ω–µ—Ü. —Ö–æ—Ä–µ–æ–≥—Ä–∞—Ñ–∏—è. –∫—Ä–∞—Ç–∫–∏–π —Å–ª–æ–≤–∞—Ä—å —Ç–µ—Ä–º–∏–Ω–æ–≤,–∫–Ω–∏–≥–∞ –µ—Å—Ç—å –Ω–∞ –æ–∑–æ–Ω–µ (–æ–ø–∏—Å–∞–Ω–∏–µ),,,
45,–ö—É—Ä–æ—Ä—Ç—ã. –≠–Ω—Ü–∏–∫–ª–æ–ø–µ–¥–∏—á–µ—Å–∫–∏–π —Å–ª–æ–≤–∞—Ä—å,–∫–Ω–∏–≥–∞ –µ—Å—Ç—å –Ω–∞ –æ–∑–æ–Ω–µ (–æ–ø–∏—Å–∞–Ω–∏–µ),,,
46,–ü–æ–ª–∏—Ç–µ—Ö–Ω–∏—á–µ—Å–∫–∏–π —Å–ª–æ–≤–∞—Ä—å,–∫–Ω–∏–≥–∞ –µ—Å—Ç—å –Ω–∞ –æ–∑–æ–Ω–µ (–æ–ø–∏—Å–∞–Ω–∏–µ),,,
47,–ë–æ–ª—å—à–æ–π —ç–Ω—Ü–∏–∫–ª–æ–ø–µ–¥–∏—á–µ—Å–∫–∏–π —Å–ª–æ–≤–∞—Ä—å –ª–µ–∫–∞—Ä—Å—Ç–≤–µ–Ω–Ω—ã—Ö —Ä–∞—Å—Ç–µ–Ω–∏–π,–∫–Ω–∏–≥–∞ –µ—Å—Ç—å –Ω–∞ –æ–∑–æ–Ω–µ (–æ–ø–∏—Å–∞–Ω–∏–µ),,,
48,–ì–µ–æ–≥—Ä–∞—Ñ–∏—è –ø–æ—á–≤: —Ç–æ–ª–∫–æ–≤—ã–π —Å–ª–æ–≤–∞—Ä—å,–∫–Ω–∏–≥–∞ –µ—Å—Ç—å –Ω–∞ –æ–∑–æ–Ω–µ (–æ–ø–∏—Å–∞–Ω–∏–µ),,,
49,–•—Ä–∏—Å—Ç–∏–∞–Ω—Å—Ç–≤–æ. –°–ª–æ–≤–∞—Ä—å,–∫–Ω–∏–≥–∞ –µ—Å—Ç—å –Ω–∞ –æ–∑–æ–Ω–µ (–æ–ø–∏—Å–∞–Ω–∏–µ),,,
50,—Å–ª–æ–≤–∞—Ä—å –∂–µ—Å—Ç–æ–≤–æ–≥–æ —è–∑—ã–∫–∞,–∫–Ω–∏–≥–∞ –µ—Å—Ç—å –Ω–∞ –æ–∑–æ–Ω–µ (–æ–ø–∏—Å–∞–Ω–∏–µ),,,
51,–°–ª–æ–≤–∞—Ä—å —Å—Ç—Ä–∞—Ö–æ–≤—ã—Ö —Ç–µ—Ä–º–∏–Ω–æ–≤,–∫–Ω–∏–≥–∞ –µ—Å—Ç—å –Ω–∞ –æ–∑–æ–Ω–µ (–æ–ø–∏—Å–∞–Ω–∏–µ),,,
52,–¢–æ–ª–∫–æ–≤—ã–π —Å–ª–æ–≤–∞—Ä—å –±–∏–∑–Ω–µ—Å–º–µ–Ω–∞,https://www.ozon.ru/product/g-s-vechkanov-g-r-vechkanova-a-b-peshkov-tolkovyy-slovar-biznesmena-vechkanov-grigoriy-966620804/?advert=Ru4Jfk3r86Zuy-35Spsza8ABMnBWU-Fhd1oQNFN368tkLTnWsp2r0bkAmYbIjRFzKOL8BcQ72V0RnQkDuxgUu_AphpUWRgywNcKbwrs0uB7Nkt434X83hpnufZvRpJIL5j6ZtHoPh5EpLWZvpmslTG_hU1uvmap3GC_4-MnF9ecoBkyEioQi0Tlu4VaMlFN1ruetoiSutfFdKRqWpTOWl2qE40HRQYM5spxMiQqjpHxcUWNX5NDaBvgq8HoX_lEcB-bSi1argGpH3-0brIfNjqKumCKpK0Tu1OTdbvSCYkaHkiGTWNBER1AcdBV4EtcSbFeN16_agwXkOxwaXDElIJs&avtc=1&avte=2&avts=1707838326&keywords=–¢–æ–ª–∫–æ–≤—ã–π+—Å–ª–æ–≤–∞—Ä—å+–±–∏–∑–Ω–µ—Å–º–µ–Ω–∞#section-description--offset-140--offset-80,,,
53,–°–ª–æ–≤–∞—Ä—å —Ä–∏—Ñ–º —Ä—É—Å—Å–∫–æ–≥–æ —è–∑—ã–∫–∞,–∫–Ω–∏–≥–∞ –µ—Å—Ç—å –Ω–∞ –æ–∑–æ–Ω–µ (–æ–ø–∏—Å–∞–Ω–∏–µ),,,
54,–ú–Ω–æ–≥–æ—è–∑—ã—á–Ω—ã–π —Å–ª–æ–≤–∞—Ä—å –ª–∞—Ç–∏–Ω—Å–∫–∏—Ö –≤—ã—Ä–∞–∂–µ–Ω–∏–π,–∫–Ω–∏–≥–∞ –µ—Å—Ç—å –Ω–∞ –æ–∑–æ–Ω–µ (–æ–ø–∏—Å–∞–Ω–∏–µ),,,
55,–≠–∑–æ—Ç–µ—Ä–∏—á–µ—Å–∫–∏–π —Å–ª–æ–≤–∞—Ä—å,–∫–Ω–∏–≥–∞ –µ—Å—Ç—å –Ω–∞ –æ–∑–æ–Ω–µ (–æ–ø–∏—Å–∞–Ω–∏–µ),,,
56,–°–ª–æ–≤–∞—Ä—å —É—Å—Ç–∞—Ä–µ–≤—à–µ–π –ª–µ–∫—Å–∏–∫–∏ –∫ –ø—Ä–æ–∏–∑–≤–µ–¥–µ–Ω–∏—è–º —Ä—É—Å—Å–∫–æ–π –∫–ª–∞—Å—Å–∏–∫–∏,–∫–Ω–∏–≥–∞ –µ—Å—Ç—å –Ω–∞ –æ–∑–æ–Ω–µ (–æ–ø–∏—Å–∞–Ω–∏–µ),,,
57,–ê—Ç–µ–∏—Å—Ç–∏—á–µ—Å–∫–∏–π —Å–ª–æ–≤–∞—Ä—å,–∫–Ω–∏–≥–∞ –µ—Å—Ç—å –Ω–∞ –æ–∑–æ–Ω–µ (–æ–ø–∏—Å–∞–Ω–∏–µ),,,
58,–°–ª–æ–≤–∞—Ä—å –∏—Å—Ç–æ—Ä–∏—á–µ—Å–∫–∏–π –æ –†—É—Å—Å–∫–∏—Ö –°–≤—è—Ç—ã—Ö,–∫–Ω–∏–≥–∞ –µ—Å—Ç—å –Ω–∞ –æ–∑–æ–Ω–µ (–æ–ø–∏—Å–∞–Ω–∏–µ),,,
59,–†–∏—Ç–æ—Ä–∏—á–µ—Å–∫–∏–π —Å–ª–æ–≤–∞—Ä—å,–∫–Ω–∏–≥–∞ –µ—Å—Ç—å –Ω–∞ –æ–∑–æ–Ω–µ (–æ–ø–∏—Å–∞–Ω–∏–µ),,,
60,"–°–ª–æ–≤–∞—Ä—å –ø–µ—Ä–µ–Ω–æ—Å–Ω—ã—Ö, –æ–±—Ä–∞–∑–Ω—ã—Ö –∏ —Å–∏–º–≤–æ–ª–∏—á–µ—Å–∫–∏—Ö —É–ø–æ—Ç—Ä–µ–±–ª–µ–Ω–µ–Ω–∏–π —Å–ª–æ–≤ –≤ –ü—Å–∞–ª—Ç–∏—Ä–∏",–∫–Ω–∏–≥–∞ –µ—Å—Ç—å –Ω–∞ –æ–∑–æ–Ω–µ (–æ–ø–∏—Å–∞–Ω–∏–µ),,,
61,–°–ª–æ–≤–∞—Ä—å —Ä–µ–≥–∏–æ–Ω–∞–ª—å–Ω–æ–π –ª–µ–∫—Å–∏–∫–∏ –∏ –Ω–∞—Ä–æ–¥–Ω—ã—Ö —Ç–æ–ø–æ–Ω–∏–º–æ–≤ –≥–æ—Ä–æ–¥–∞ –ù–æ–≤–æ—Å–∏–±–∏—Ä—Å–∫–∞,–∫–Ω–∏–≥–∞ –µ—Å—Ç—å –Ω–∞ –æ–∑–æ–Ω–µ (–æ–ø–∏—Å–∞–Ω–∏–µ),,,
62,–°–ª–æ–≤–∞—Ä—å —Å–æ–≤—Ä–µ–º–µ–Ω–Ω–æ–≥–æ —Ä—É—Å—Å–∫–æ–≥–æ –≥–æ—Ä–æ–¥–∞,–∫–Ω–∏–≥–∞ –µ—Å—Ç—å –Ω–∞ –æ–∑–æ–Ω–µ (–æ–ø–∏—Å–∞–Ω–∏–µ),,,
63,–ª–∏–Ω–≥–≤–æ—Å—Ç—Ä–∞–Ω–æ–≤–µ–¥—á–µ—Å–∫–∏–π —Å–ª–æ–≤–∞—Ä—å —Ä–æ—Å—Å–∏—è,–∫–Ω–∏–≥–∞ –µ—Å—Ç—å –Ω–∞ –æ–∑–æ–Ω–µ (–æ–ø–∏—Å–∞–Ω–∏–µ),,,
64,"–ì–µ–æ–≥—Ä–∞—Ñ–∏—á–µ—Å–∫–∏–µ –Ω–∞–∑–≤–∞–Ω–∏—è: –ü—Ä–∏–ª–∞–≥–∞—Ç–µ–ª—å–Ω—ã–µ, –æ–±—Ä–∞–∑–æ–≤–∞–Ω–Ω—ã–µ –æ—Ç –Ω–∏—Ö. –ù–∞–∑–≤–∞–Ω–∏—è –∂–∏—Ç–µ–ª–µ–π: –°–ª–æ–≤–∞—Ä—å-—Å–ø—Ä–∞–≤–æ—á–Ω–∏–∫",–∫–Ω–∏–≥–∞ –µ—Å—Ç—å –Ω–∞ –æ–∑–æ–Ω–µ (–æ–ø–∏—Å–∞–Ω–∏–µ),,,
65,–ó–∞—Ä—É–±–µ–∂–Ω—ã–µ –ø–∏—Å–∞—Ç–µ–ª–∏. –ë–∏–æ–±–∏–±–ª–∏–æ–≥—Ä–∞—Ñ–∏—á–µ—Å–∫–∏–π —Å–ª–æ–≤–∞—Ä—å,–∫–Ω–∏–≥–∞ –µ—Å—Ç—å –Ω–∞ –æ–∑–æ–Ω–µ (–æ–ø–∏—Å–∞–Ω–∏–µ),,,
66,–ò—Å—Ç–æ—Ä–∏–∫–æ-—ç—Ç–∏–º–æ–ª–æ–≥–∏—á–µ—Å–∫–∏–π —Å–ª–æ–≤–∞—Ä—å –æ—Å–µ—Ç–∏–Ω—Å–∫–æ–≥–æ —è–∑—ã–∫–∞,–∫–Ω–∏–≥–∞ –µ—Å—Ç—å –Ω–∞ –æ–∑–æ–Ω–µ (–æ–ø–∏—Å–∞–Ω–∏–µ),,,
67,–ú–Ω–æ–≥–æ—è–∑—ã—á–Ω—ã–π —Å–ª–æ–≤–∞—Ä—å —Å–æ–≤—Ä–µ–º–µ–Ω–Ω–æ–π —Ñ—Ä–∞–∑–µ–æ–ª–æ–≥–∏–∏,–∫–Ω–∏–≥–∞ –µ—Å—Ç—å –Ω–∞ –æ–∑–æ–Ω–µ (–æ–ø–∏—Å–∞–Ω–∏–µ),,,
68,–†–∏—Ç–æ—Ä–∏—á–µ—Å–∫–∏–π —Å–ª–æ–≤–∞—Ä—å,–∫–Ω–∏–≥–∞ –µ—Å—Ç—å –Ω–∞ –æ–∑–æ–Ω–µ (–æ–ø–∏—Å–∞–Ω–∏–µ),,,
69,–°–ª–æ–≤–∞—Ä—å —Å–ª–æ–≤–æ–æ–±—Ä–∞–∑–æ–≤–∞—Ç–µ–ª—å–Ω—ã—Ö –º–µ—Ç–∞—Ñ–æ—Ä —Ä—É—Å—Å–∫–æ–≥–æ —è–∑—ã–∫–∞,–∫–Ω–∏–≥–∞ –µ—Å—Ç—å –Ω–∞ –æ–∑–æ–Ω–µ (–æ–ø–∏—Å–∞–Ω–∏–µ),,,
70,–§–∏–ª–æ—Å–æ—Ñ—Å–∫–∏–π —Å–ª–æ–≤–∞—Ä—å,–∫–Ω–∏–≥–∞ –µ—Å—Ç—å –Ω–∞ –æ–∑–æ–Ω–µ (–æ–ø–∏—Å–∞–Ω–∏–µ),,,
71,–ê–Ω–≥–ª–æ-—Ä—É—Å—Å–∫–∏–π —É–Ω–∏–≤–µ—Ä—Å–∞–ª—å–Ω—ã–π —Ç—Ä–∞–Ω—Å–ø–æ—Ä—Ç–Ω—ã–π —Å–ª–æ–≤–∞—Ä—å,–∫–Ω–∏–≥–∞ –µ—Å—Ç—å –Ω–∞ –æ–∑–æ–Ω–µ (–æ–ø–∏—Å–∞–Ω–∏–µ),,,
72,–ë–æ–ª—å—à–æ–π —ç–∫—Å–ø–µ—Ä–∏–º–µ–Ω—Ç–∞–ª—å–Ω—ã–π —Å–ª–æ–≤–∞—Ä—å –¥–ª—è –∞–≤—Ç–æ–º–∞—Ç–∏–∑–∞—Ü–∏–∏ –∏ –¥–∏—Ñ—Ñ–µ—Ä–µ–Ω—Ü–∏–∞—Ü–∏–∏ –∑–≤—É–∫–æ–≤,–∫–Ω–∏–≥–∞ –µ—Å—Ç—å –Ω–∞ –æ–∑–æ–Ω–µ (–æ–ø–∏—Å–∞–Ω–∏–µ),,,
73,–í–æ–µ–Ω–Ω—ã–π —ç–Ω—Ü–∏–∫–ª–æ–ø–µ–¥–∏—á–µ—Å–∫–∏–π —Å–ª–æ–≤–∞—Ä—å,–∫–Ω–∏–≥–∞ –µ—Å—Ç—å –Ω–∞ –æ–∑–æ–Ω–µ (–æ–ø–∏—Å–∞–Ω–∏–µ),,,
74,–í–æ–π–Ω–∞ –∏ –º–∏—Ä –≤ —Ç–µ—Ä–º–∏–Ω–∞—Ö –∏ –æ–ø—Ä–µ–¥–µ–ª–µ–Ω–∏—è—Ö. –í–æ–µ–Ω–Ω—ã–π —Å–ª–æ–≤–∞—Ä—å ,–∫–Ω–∏–≥–∞ –µ—Å—Ç—å –Ω–∞ –æ–∑–æ–Ω–µ (–æ–ø–∏—Å–∞–Ω–∏–µ),,,
75,–ò–Ω–¥–æ–µ–≤—Ä–æ–ø–µ–π—Å–∫–∏–π —Å–ª–æ–≤–∞—Ä—å —Å –Ω–æ—Å—Ç—Ä–∞—Ç–∏—á–µ—Å–∫–∏–º–∏ —ç—Ç–∏–º–æ–ª–æ–≥–∏—è–º–∏,–∫–Ω–∏–≥–∞ –µ—Å—Ç—å –Ω–∞ –æ–∑–æ–Ω–µ (–æ–ø–∏—Å–∞–Ω–∏–µ),,,
76,–ö—Ä–∞—Ç–∫–∏–π —Å–ª–æ–≤–∞—Ä—å —Ä—É—Å—Å–∫–æ–≥–æ –∂–µ—Å—Ç–æ–≤–æ–≥–æ —è–∑—ã–∫–∞,–∫–Ω–∏–≥–∞ –µ—Å—Ç—å –Ω–∞ –æ–∑–æ–Ω–µ (–æ–ø–∏—Å–∞–Ω–∏–µ),,,
77,–ú–µ—Ç–∞—Ñ–∏–∑–∏—á–µ—Å–∫–∏–π —Å–ª–æ–≤–∞—Ä—å,–∫–Ω–∏–≥–∞ –µ—Å—Ç—å –Ω–∞ –æ–∑–æ–Ω–µ (–æ–ø–∏—Å–∞–Ω–∏–µ),,,
78,–°–ª–æ–≤–∞—Ä—å –¥–ª—è –∏–Ω—Ç–µ–ª–ª–µ–∫—Ç—É–∞–ª—å–Ω–æ–≥–æ –æ–±—â–µ–Ω–∏—è,–∫–Ω–∏–≥–∞ –µ—Å—Ç—å –Ω–∞ –æ–∑–æ–Ω–µ (–æ–ø–∏—Å–∞–Ω–∏–µ),,,
79,–°–ª–æ–≤–∞—Ä—å –∏–Ω–æ—Å—Ç—Ä–∞–Ω–Ω—ã—Ö —Å–ª–æ–≤,–∫–Ω–∏–≥–∞ –µ—Å—Ç—å –Ω–∞ –æ–∑–æ–Ω–µ (–æ–ø–∏—Å–∞–Ω–∏–µ),,,
80,–°–ª–æ–≤–∞—Ä—å –º–æ—Ä—Å–∫–∏—Ö —Å–ª–æ–≤ –∏ —Ä–µ—á–µ–Ω–∏–π,–∫–Ω–∏–≥–∞ –µ—Å—Ç—å –Ω–∞ –æ–∑–æ–Ω–µ (–æ–ø–∏—Å–∞–Ω–∏–µ),,,
81,–°–ª–æ–≤–∞—Ä—å –æ–±–ª–∞—Å—Ç–Ω–æ–≥–æ –∞—Ä—Ö–∞–Ω–≥–µ–ª—å—Å–∫–æ–≥–æ –Ω–∞—Ä–µ—á–∏—è –≤ –µ–≥–æ –æ–±–ª–∞—Å—Ç–Ω–æ–º –∏ —ç—Ç–Ω–æ–≥—Ä–∞—Ñ–∏—á–µ—Å–∫–æ–º –ø—Ä–∏–º–µ–Ω–µ–Ω–∏–∏,"–ü–æ–¥–≤—ã—Å–æ—Ü–∫–∏–π –ê. –ò. –°–ª–æ–≤–∞—Ä—å –æ–±–ª–∞—Å—Ç–Ω–æ–≥–æ –∞—Ä—Ö–∞–Ω–≥–µ–ª—å—Å–∫–æ–≥–æ –Ω–∞—Ä–µ—á–∏—è –≤ –µ–≥–æ –±—ã—Ç–æ–≤–æ–º –∏ —ç—Ç–Ω–æ–≥—Ä–∞—Ñ–∏—á–µ—Å–∫–æ–º –ø—Ä–∏–º–µ–Ω–µ–Ω–∏–∏ / —Å–æ–±—Ä. –Ω–∞ –º–µ—Å—Ç–µ –∏ —Å–æ—Å—Ç. –ê. –ü–æ–¥–≤—ã—Å–æ—Ü–∫–∏–π. - –°–∞–Ω–∫—Ç-–ü–µ—Ç–µ—Ä–±—É—Ä–≥ : –ò–∑–¥. 2-–≥–æ –û—Ç–¥-–Ω–∏—è –ê–∫–∞–¥. –Ω–∞—É–∫, 1885. - 197 —Å.",197 —Å—Ç—Ä.,–¥–∏–∞–ª–µ–∫—Ç–Ω—ã–π,"–°—Å—ã–ª–∫–∞ –Ω–∞ —Å—Ç—Ä–∞–Ω–∏—Ü—É –í–û–£–ù–ë, –≥–¥–µ –µ—Å—Ç—å pdf —Å–ª–æ–≤–∞—Ä—è: https://www.booksite.ru/fulltext/podvysoz/index.html"
82,"–°–ª–æ–≤–∞—Ä—å —ç–∫–æ–ª–æ–≥–∏—á–µ—Å–∫–∏—Ö —Ç–µ—Ä–º–∏–Ω–æ–≤ –≤ –∑–∞–∫–æ–Ω–æ–¥–∞—Ç–µ–ª—å–Ω—ã—Ö, –Ω–æ—Ä–º–∞—Ç–∏–≤–Ω—ã—Ö –ø—Ä–∞–≤–æ–≤—ã—Ö –∏ –∏–Ω—Å—Ç—Ä—É–∫—Ç–∏–≤–Ω–æ-–º–µ—Ç–æ–¥–∏—á.–¥–æ–∫—É–º.",–∫–Ω–∏–≥–∞ –µ—Å—Ç—å –Ω–∞ –æ–∑–æ–Ω–µ (–æ–ø–∏—Å–∞–Ω–∏–µ),,,
83,–£—á–µ–±–Ω—ã–π –∏–µ—Ä–æ–≥–ª–∏—Ñ–∏—á–µ—Å–∫–∏–π —Å–ª–æ–≤–∞—Ä—å,–∫–Ω–∏–≥–∞ –µ—Å—Ç—å –Ω–∞ –æ–∑–æ–Ω–µ (–æ–ø–∏—Å–∞–Ω–∏–µ),,,
84,–§—Ä–∞–Ω—Ü—É–∑—Å–∫–æ-—Ä—É—Å—Å–∫–∏–π –∂–µ–ª–µ–∑–Ω–æ–¥–æ—Ä–æ–∂–Ω—ã–π —Å–ª–æ–≤–∞—Ä—å,–∫–Ω–∏–≥–∞ –µ—Å—Ç—å –Ω–∞ –æ–∑–æ–Ω–µ (–æ–ø–∏—Å–∞–Ω–∏–µ),,,
85,–ù–æ–≤—ã–π —Å–ª–æ–≤–∞—Ä—å —Å–æ–∫—Ä–∞—â–µ–Ω–∏–π,–∫–Ω–∏–≥–∞ –µ—Å—Ç—å –Ω–∞ –æ–∑–æ–Ω–µ (–æ–ø–∏—Å–∞–Ω–∏–µ),,,
86,–ö–∞—Ä—Ç–∏–Ω–Ω—ã–π —Å–ª–æ–≤–∞—Ä—å —Ä—É—Å—Å–∫–æ–≥–æ —è–∑—ã–∫–∞,–∫–Ω–∏–≥–∞ –µ—Å—Ç—å –Ω–∞ –æ–∑–æ–Ω–µ (–æ–ø–∏—Å–∞–Ω–∏–µ),,,
87,–õ–∏—Ç–µ—Ä–∞—Ç—É—Ä–Ω—ã–π —ç–Ω—Ü–∏–∫–ª–æ–ø–µ–¥–∏—á–µ—Å–∫–∏–π —Å–ª–æ–≤–∞—Ä—å,–∫–Ω–∏–≥–∞ –µ—Å—Ç—å –Ω–∞ –æ–∑–æ–Ω–µ (–æ–ø–∏—Å–∞–Ω–∏–µ),,,
88,–ó–æ–æ–ª–æ–≥–∏—á–µ—Å–∫–∏–π —Å–ª–æ–≤–∞—Ä—å,–∫–Ω–∏–≥–∞ –µ—Å—Ç—å –Ω–∞ –æ–∑–æ–Ω–µ (–æ–ø–∏—Å–∞–Ω–∏–µ),,,
89,–°–ª–æ–≤–∞—Ä—å —Ä–µ–¥–∫–∏—Ö —Å–ª–æ–≤ –∏ –∞—Ä—Ö–∞–∏–∑–º–æ–≤,–∫–Ω–∏–≥–∞ –µ—Å—Ç—å –Ω–∞ –æ–∑–æ–Ω–µ (–æ–ø–∏—Å–∞–Ω–∏–µ),,,
90,"–ì–æ–º–µ—Ä–æ–≤—Å–∫–∏–π —Å–ª–æ–≤–∞—Ä—å: –ö ""–ò–ª–∏–∞–¥–µ"" –∏ ""–û–¥–∏—Å—Å–µ–µ""",–∫–Ω–∏–≥–∞ –µ—Å—Ç—å –Ω–∞ –æ–∑–æ–Ω–µ (–æ–ø–∏—Å–∞–Ω–∏–µ),,,
91,–°–ª–æ–≤–∞—Ä—å –≤–æ—Ä–æ–Ω–µ–∂—Å–∫–æ–π –¥–µ–ª–æ–≤–æ–π –ø–∏—Å—å–º–µ–Ω–Ω–æ—Å—Ç–∏ XVII-XVIII –≤–≤.,–∫–Ω–∏–≥–∞ –µ—Å—Ç—å –Ω–∞ –æ–∑–æ–Ω–µ (–æ–ø–∏—Å–∞–Ω–∏–µ),,,
92,–ë–æ–ª—å—à–æ–π —Å–ª–æ–≤–∞—Ä—å –∫—Ä—ã–ª–∞—Ç—ã—Ö —Å–ª–æ–≤ —Ä—É—Å—Å–∫–æ–≥–æ —è–∑—ã–∫–∞: –æ–∫–æ–ª–æ 4000 —Å–ª–æ–≤–∞—Ä–Ω—ã—Ö –µ–¥–∏–Ω–∏—Ü,–∫–Ω–∏–≥–∞ –µ—Å—Ç—å –Ω–∞ –æ–∑–æ–Ω–µ (–æ–ø–∏—Å–∞–Ω–∏–µ),,,
93,"–ë–æ–ª—å—à–æ–π —Å–ª–æ–≤–∞—Ä—å —Ä—É—Å—Å–∫–æ–≥–æ –∂–∞—Ä–≥–æ–Ω–∞: 25000 —Å–ª–æ–≤, 7000 —É—Å—Ç–æ–π—á–∏–≤—ã–π —Å–æ—á–µ—Ç–∞–Ω–∏–π",–∫–Ω–∏–≥–∞ –µ—Å—Ç—å –Ω–∞ –æ–∑–æ–Ω–µ (–æ–ø–∏—Å–∞–Ω–∏–µ),,,
94,–î–æ–ø–æ–ª–Ω–∏—Ç–µ–ª—å–Ω—ã–π –∏–ª–ª—é—Å—Ç—Ä–∏—Ä–æ–≤–∞–Ω–Ω—ã–π —Ç–æ–º —Ç–æ–ª–∫–æ–≤–æ–≥–æ —Å–ª–æ–≤–∞—Ä—è –∂–∏–≤–æ–≥–æ –≤–µ–ª–∏–∫–æ—Ä—É—Å—Å–∫–æ–≥–æ,–∫–Ω–∏–≥–∞ –µ—Å—Ç—å –Ω–∞ –æ–∑–æ–Ω–µ (–æ–ø–∏—Å–∞–Ω–∏–µ),,,
95,"–ò–ª–ª—é—Å—Ç—Ä–∏—Ä–æ–≤–∞–Ω–Ω—ã–π —Ç–æ–ª–∫–æ–≤—ã–π —Å–ª–æ–≤–∞—Ä—å –∑–∞–±—ã—Ç—ã—Ö –∏ —Ç—Ä—É–¥–Ω—ã—Ö —Å–ª–æ–≤ —Ä—É—Å—Å–∫–æ–≥–æ —è–∑—ã–∫–∞: –æ–∫–æ–ª–æ 7000 —Å–ª–æ–≤, –±–æ–ª–µ–µ 500 –∏–ª–ª—é—Å—Ç—Ä–∞—Ü–∏–π",–∫–Ω–∏–≥–∞ –µ—Å—Ç—å –Ω–∞ –æ–∑–æ–Ω–µ (–æ–ø–∏—Å–∞–Ω–∏–µ),,,
96,–ù–æ–≤—ã–π —Å–ª–æ–≤–∞—Ä—å –æ—à–∏–±–æ–∫ —Ä—É—Å—Å–∫–æ–≥–æ —è–∑—ã–∫–∞,–∫–Ω–∏–≥–∞ –µ—Å—Ç—å –Ω–∞ –æ–∑–æ–Ω–µ (–æ–ø–∏—Å–∞–Ω–∏–µ),,,
97,–†—É—Å—Å–∫–∞—è —Ö—É–¥–æ–∂–µ—Å—Ç–≤–µ–Ω–Ω–∞—è –ª–∏—Ç–µ—Ä–∞—Ç—É—Ä–∞: –ª–µ–∫—Å–∏—á–µ—Å–∫–∏–µ —Ç—Ä—É–¥–Ω–æ—Å—Ç–∏,–∫–Ω–∏–≥–∞ –µ—Å—Ç—å –Ω–∞ –æ–∑–æ–Ω–µ (–æ–ø–∏—Å–∞–Ω–∏–µ),,,
98,–°–ª–∏—Ç–Ω–æ. –î–µ—Ñ–∏—Å–Ω–æ. –†–∞–∑–¥–µ–ª—å–Ω–æ. –î–≤–æ–π–Ω—ã–µ —Å–æ–≥–ª–∞—Å–Ω—ã–µ –∏ –≥–ª–∞—Å–Ω—ã–µ: —Å–ª–æ–≤–∞—Ä—å: –æ–∫–æ–ª–æ 60 000 —Å–ª–æ–≤,–∫–Ω–∏–≥–∞ –µ—Å—Ç—å –Ω–∞ –æ–∑–æ–Ω–µ (–æ–ø–∏—Å–∞–Ω–∏–µ),,,
99,–°–ª–æ–≤–∞—Ä—å –∞–Ω—Ç–æ–Ω–∏–º–æ–≤ —Ä—É—Å—Å–∫–æ–≥–æ —è–∑—ã–∫–∞: 3200 –∞–Ω—Ç–æ–Ω–∏–º–∏—á–µ—Å–∫–∏—Ö –ø–∞—Ä,–∫–Ω–∏–≥–∞ –µ—Å—Ç—å –Ω–∞ –æ–∑–æ–Ω–µ (–æ–ø–∏—Å–∞–Ω–∏–µ),,,
100,–°–ª–æ–≤–∞—Ä—å —Ä—É—Å—Å–∫–∏—Ö –ø–æ—Å–ª–æ–≤–∏—Ü –∏ –ø–æ–≥–æ–≤–æ—Ä–æ–∫,–∫–Ω–∏–≥–∞ –µ—Å—Ç—å –Ω–∞ –æ–∑–æ–Ω–µ (–æ–ø–∏—Å–∞–Ω–∏–µ),,,
101,–°–ª–æ–≤–∞—Ä—å —Ä—É—Å—Å–∫–æ–π —Ñ—Ä–∞–∑–µ–æ–ª–æ–≥–∏–∏: –ò—Å—Ç–æ—Ä–∏–∫–æ-—ç—Ç–∏–º–æ–ª–æ–≥–∏—á–µ—Å–∫–∏–π —Å–ø—Ä–∞–≤–æ—á–Ω–∏–∫,–∫–Ω–∏–≥–∞ –µ—Å—Ç—å –Ω–∞ –æ–∑–æ–Ω–µ (–æ–ø–∏—Å–∞–Ω–∏–µ),,,
102,–°–ª–æ–≤–∞—Ä—å —Ç—Ä—É–¥–Ω–æ—Å—Ç–µ–π —Ä—É—Å—Å–∫–æ–≥–æ –ø—Ä–æ–∏–∑–Ω–æ—à–µ–Ω–∏—è: –æ–∫–æ–ª–æ 15000 —Å–ª–æ–≤,–∫–Ω–∏–≥–∞ –µ—Å—Ç—å –Ω–∞ –æ–∑–æ–Ω–µ (–æ–ø–∏—Å–∞–Ω–∏–µ),,,
103,–°–ª–æ–≤–∞—Ä—å —É—Å—Ç–∞—Ä–µ–≤—à–µ–π –ª–µ–∫—Å–∏–∫–∏ –∫ –ø—Ä–æ–∏–∑–≤–µ–¥–µ–Ω–∏—è–º —Ä—É—Å—Å–∫–æ–π –∫–ª–∞—Å—Å–∏–∫–∏,–∫–Ω–∏–≥–∞ –µ—Å—Ç—å –Ω–∞ –æ–∑–æ–Ω–µ (–æ–ø–∏—Å–∞–Ω–∏–µ),,,
104,"–°–ª–æ–≤–∞—Ä—å-—Ç–µ–∑–∞—É—Ä—É—Å —Ä—É—Å—Å–∫–∏—Ö –ø–æ—Å–ª–æ–≤–∏—Ü, –ø–æ–≥–æ–≤–æ—Ä–æ–∫ –∏ –º–µ—Ç–∫–∏—Ö –≤—ã—Ä–∞–∂–µ–Ω–∏–π: –±–æ–ª–µ–µ 22000 –ø–æ—Å–ª–æ–≤–∏—Ü, –ø–æ–≥–æ–≤–æ—Ä–æ–∫, –º–æ–ª–≤—É—à–µ–∫, –ø—Ä–∏—Å–ª–æ–≤–∏–π, –ø—Ä–∏–≥–æ–≤–æ—Ä–æ–∫, –ø—Ä–∏—Å–∫–∞–∑–æ–∫. –∑–∞–≥–∞–¥–æ–∫, –ø—Ä–∏–º–µ—Ç, –¥—Ä–∞–∑–Ω–∏–ª–æ–∫, —Å—á–∏—Ç–∞–ª–æ–∫",–∫–Ω–∏–≥–∞ –µ—Å—Ç—å –Ω–∞ –æ–∑–æ–Ω–µ (–æ–ø–∏—Å–∞–Ω–∏–µ),,,
105,–¢–æ–ª–∫–æ–≤—ã–π —Å–ª–æ–≤–∞—Ä—å –∂–∏–≤–æ–≥–æ –≤–µ–ª–∏–∫–æ—Ä—É—Å—Å–∫–æ–≥–æ —è–∑—ã–∫–∞,–∫–Ω–∏–≥–∞ –µ—Å—Ç—å –Ω–∞ –æ–∑–æ–Ω–µ (–æ–ø–∏—Å–∞–Ω–∏–µ),,,
106,–¢–æ–ª–∫–æ–≤—ã–π —Å–ª–æ–≤–∞—Ä—å –ø–∞—Ä–æ–Ω–∏–º–æ–≤ —Ä—É—Å—Å–∫–æ–≥–æ —è–∑—ã–∫–∞,–∫–Ω–∏–≥–∞ –µ—Å—Ç—å –Ω–∞ –æ–∑–æ–Ω–µ (–æ–ø–∏—Å–∞–Ω–∏–µ),,,
107,–¢–æ–ª–∫–æ–≤—ã–π —Å–ª–æ–≤–∞—Ä—å —Ä—É—Å—Å–∫–æ–≥–æ —è–∑—ã–∫–∞ –∫–æ–Ω—Ü–∞ XX –≤–µ–∫–∞: –Ø–∑—ã–∫–æ–≤—ã–µ –∏–∑–º–µ–Ω–µ–Ω–∏—è,,,,
108,–®–∫–æ–ª—å–Ω—ã–π –æ—Ä—Ñ–æ–≥—Ä–∞—Ñ–∏—á–µ—Å–∫–∏–π —Å–ª–æ–≤–∞—Ä—å —Ä—É—Å—Å–∫–æ–≥–æ —è–∑—ã–∫–∞,,,,
109,–î–µ—É–ª–∏–Ω—Å–∫–∏–π —Å–ª–æ–≤–∞—Ä—å,,,,
110,–ú–∞–ª—ã–π –∞–∫–∞–¥–µ–º–∏—á–µ—Å–∫–∏–π —Å–ª–æ–≤–∞—Ä—å,,,,
111,–ü–∞—Ä–∏–∂—Å–∫–∏–π —Å–ª–æ–≤–∞—Ä—å –º–æ—Å–∫–æ–≤–∏—Ç–æ–≤,,,,
112,–ü–æ-–ø–µ—Ä–º—Å–∫–∏ –≥–æ–≤–æ—Ä—è (—Å–ª–æ–≤–∞—Ä—å),,,,
113,–†—É—Å—Å–∫–∏–π —Å–µ–º–∞–Ω—Ç–∏—á–µ—Å–∫–∏–π —Å–ª–æ–≤–∞—Ä—å,,,,
114,–†—É—Å—Å–∫–∏–π —Å–ª–æ–≤–∞—Ä—å —è–∑—ã–∫–æ–≤–æ–≥–æ —Ä–∞—Å—à–∏—Ä–µ–Ω–∏—è,,,,
115,–°–ª–æ–≤–∞—Ä—å –ê–∫–∞–¥–µ–º–∏–∏ –†–æ—Å—Å–∏–π—Å–∫–æ–π,,,,
116,–°–ª–æ–≤–∞—Ä—å –≥–æ–≤–æ—Ä–∞ –¥–µ—Ä–µ–≤–Ω–∏ –ê–∫—á–∏–º,,,,
117,–°–ª–æ–≤–∞—Ä—å —è–∑—ã–∫–∞ –ü—É—à–∫–∏–Ω–∞,,,,
118,–≠—Ç–∏–º–æ–ª–æ–≥–∏—á–µ—Å–∫–∏–π —Å–ª–æ–≤–∞—Ä—å —Ä—É—Å—Å–∫–æ–≥–æ —è–∑—ã–∫–∞ –ê–ª–µ–∫—Å–∞–Ω–¥—Ä–∞ –ü—Ä–µ–æ–±—Ä–∞–∂–µ–Ω—Å–∫–æ–≥–æ,,,,
119,–≠—Ç–∏–º–æ–ª–æ–≥–∏—á–µ—Å–∫–∏–π —Å–ª–æ–≤–∞—Ä—å —Ä—É—Å—Å–∫–æ–≥–æ —è–∑—ã–∫–∞ –ú–∞–∫—Å–∞ –§–∞—Å–º–µ—Ä–∞,"–≠—Ç–∏–º–æ–ª–æ–≥–∏—á–µ—Å–∫–∏–π —Å–ª–æ–≤–∞—Ä—å —Ä—É—Å—Å–∫–æ–≥–æ —è–∑—ã–∫–∞ –≤ 4 —Ç. / –ú–∞–∫—Å –§–∞—Å–º–µ—Ä ; –ø–µ—Ä. —Å –Ω–µ–º –∏ –¥–æ–ø. —á–ª–µ–Ω–∞-–∫–æ—Ä—Ä–µ—Å–ø–æ–Ω–¥–µ–Ω—Ç–∞ –ê–ù –°–°–°–† –û. –ù. –¢—Ä—É–±–∞—á–µ–≤–∞ ; –ø–æ–¥ —Ä–µ–¥. –∏ —Å –ø—Ä–µ–¥–∏—Å–ª. –ø—Ä–æ—Ñ. –ë. –ê. –õ–∞—Ä–∏–Ω–∞. - –ò–∑–¥. 2-–µ, —Å—Ç–µ—Ä. - –ú–æ—Å–∫–≤–∞ : –ü—Ä–æ–≥—Ä–µ—Å—Å, 1986-1987",,–∏—Å—Ç–æ—Ä–∏—á–µ—Å–∫–∏–µ,"https://etymolog.ruslang.ru/index.php?abc=%E8&act=contents&book=vasmer –£—É –º–µ–Ω—è –Ω–µ —Ä–∞–±–æ—Ç–∞–µ—Ç, https://lexicography.online/etymology/vasmer/ —Ä–∞–±–æ—Ç–∞–µ—Ç"
120,–≠—Ç–∏–º–æ–ª–æ–≥–∏—á–µ—Å–∫–∏–π —Å–ª–æ–≤–∞—Ä—å —Ä—É—Å—Å–∫–æ–≥–æ —è–∑—ã–∫–∞ –ú–æ—Å–∫–æ–≤—Å–∫–æ–≥–æ —É–Ω–∏–≤–µ—Ä—Å–∏—Ç–µ—Ç–∞,,,,
121,–¢–æ–ª–∫–æ–≤—ã–π —Å–ª–æ–≤–∞—Ä—å —Ä—É—Å—Å–∫–æ–π —Ä–∞–∑–≥–æ–≤–æ—Ä–Ω–æ–π —Ä–µ—á–∏,"–¢–æ–ª–∫–æ–≤—ã–π —Å–ª–æ–≤–∞—Ä—å —Ä—É—Å—Å–∫–æ–π —Ä–∞–∑–≥–æ–≤–æ—Ä–Ω–æ–π —Ä–µ—á–∏ [–¢–µ–∫—Å—Ç] / –†–æ—Å—Å–∏–π—Å–∫–∞—è –∞–∫–∞–¥. –Ω–∞—É–∫, –ò–Ω-—Ç —Ä—É—Å. —è–∑. –∏–º. –í. –í. –í–∏–Ω–æ–≥—Ä–∞–¥–æ–≤–∞ ; –ø–æ–¥ —Ä–µ–¥. –õ. –ü. –ö—Ä—ã—Å–∏–Ω–∞. - –ú–æ—Å–∫–≤–∞ : –Ø–∑—ã–∫–∏ —Å–ª–∞–≤—è–Ω—Å–∫–æ–π –∫—É–ª—å—Ç—É—Ä—ã (–Ø–°–ö), 2014-. - 27 —Å–º.; ISBN 978-5-9500885-9-9","–í—ã–ø. 1: –æ–∫–æ–ª–æ 3200 —Å–ª–æ–≤–∞—Ä–Ω—ã—Ö —Å—Ç–∞—Ç–µ–π, 776 —Å—Ç—Ä–∞–Ω–∏—Ü; –í—ã–ø. 2: –æ–∫–æ–ª–æ 3500 —Å–ª–æ–≤–∞—Ä–Ω—ã—Ö —Å—Ç–∞—Ç–µ–π, 864 —Å—Ç—Ä–∞–Ω–∏—Ü—ã; –í—ã–ø. 3: –æ–∫–æ–ª–æ 2500 —Å–ª–æ–≤–∞—Ä–Ω—ã—Ö —Å—Ç–∞—Ç–µ–π, 824 —Å—Ç—Ä–∞–Ω–∏—Ü—ã; –í—ã–ø. 4: –æ–∫–æ–ª–æ 2500 —Å–ª–æ–≤–∞—Ä–Ω—ã—Ö —Å—Ç–∞—Ç–µ–π, 680 —Å—Ç—Ä–∞–Ω–∏—Ü; –í—ã–ø. 5: –æ–∫–æ–ª–æ 2300 —Å–ª–æ–≤–∞—Ä–Ω—ã—Ö —Å—Ç–∞—Ç–µ–π, 760 —Å—Ç—Ä–∞–Ω–∏—Ü",—É—Å—Ç–Ω—ã–π,–Ω–∞—à–ª–∞ –≤ –ø–¥—Ñ 3 —Ç–æ–º–∞
122,–†—É—Å—Å–∫–æ-—Å–µ—Ä–±—Å–∫–∏–π —Å–ª–æ–≤–∞—Ä—å,"–†—É—Å–∫–æ-—Å—Ä–ø—Å–∫–∏ —Ä–µ—á–Ω–∏–∫: 55.000 —Ä–µ—á–∏ / —É —Ä–µ–¥. –ë–æ–≥–æ—ô—É–±–∞ –°—Ç–∞–Ω–∫–æ–≤–∏—õ–∞; [—Ä–µ—á–Ω–∏–∫ j–µ —Å–∞—Å—Ç–∞–≤–∏–æ –∫–æ–ª–µ–∫—Ç–∏–≤ –∞—É—Ç–æ—Ä–∞ –î.[–î—Ä–∞–≥–∞] –í–∏–≥—ö–µ–≤–∏—õ... –∏ –¥—Ä.] - 2. –∏—Å–ø—Ä–∞–≤—ô–µ–Ω–æ –∏ –¥–æ–ø—É—ö–µ–Ω–æ –∏–∑–¥.- –ù–æ–≤–∏ –°–∞–¥ : –ú–∞—Ç–∏—Ü–∞ —Å—Ä–ø—Å–∫–∞; –ú–æ—Å–∫–≤–∞ : –†—É—Å—Å–∫–∏–π —è–∑—ã–∫, 1998. - 1001 —Å.; 24 —Å–º.
ISBN 86-363-0353-2","55.000 —Å–ª–æ–≤, 1001 —Å—Ç—Ä–∞–Ω–∏—Ü–∞",–ø–∞—Ä–∞–ª–ª–µ–ª—å–Ω—ã–µ,https://disk.yandex.ru/i/YIgRLdqyk45es
123,–°–µ—Ä–±–æ—Ö–æ—Ä–≤–∞—Ç—Å–∫–æ-—Ä—É—Å—Å–∫–∏–π —Å–ª–æ–≤–∞—Ä—å,"–¢–æ–ª—Å—Ç–æ–π –ò.–ò.
–°–µ—Ä–±—Å–∫–æ—Ö–æ—Ä–≤–∞—Ç—Å–∫–æ-—Ä—É—Å—Å–∫–∏–π —Å–ª–æ–≤–∞—Ä—å. ‚Äî  7-–µ –∏–∑–¥., —Å—Ç–µ—Ä–µ–æ—Ç–∏–ø. ‚Äî –ú.: –†—É—Å. —è–∑., 2000. ‚Äî 736 —Å. 18BK 5-200-02838-8","–±–æ–ª–µ–µ 60000 —Å–ª–æ–≤, 736 —Å—Ç—Ä–∞–Ω–∏—Ü",–ø–∞—Ä–∞–ª–ª–µ–ª—å–Ω—ã–µ,"–ø–¥—Ñ –Ω–µ—Ä–∞—Å–ø–æ–∑–Ω–∞–Ω–Ω—ã–π https://docviewer.yandex.ru/view/1069278388/?page=4&*=LG6WlD5caZ%2F1GEVP%2FbfC8uyaTwJ7InVybCI6InlhLWRpc2stcHVibGljOi8vRllnWWhEYndnNElzNDhQV083R2c0R0RONkhPT3dEb0xYdzNLOEhreDBDcz0iLCJ0aXRsZSI6ItCi0L7Qu9GB0YLQvtC5INCYLiDQmC4g0YHQu9C%2B0LLQsNGA0YwgMjAwMS5kanZ1Iiwibm9pZnJhbWUiOmZhbHNlLCJ1aWQiOiIxMDY5Mjc4Mzg4IiwidHMiOjE3MDc5MzYzOTIzNTYsInl1IjoiMjk1OTAzODE2MTY5OTgwMjY4NiJ9

–ø–ª–∞—Ç–Ω–∞—è —ç–ª. –≤–µ—Ä—Å–∏—è —Ç—É—Ç https://vseobuch.org/jelektronnyj-serbsko-russkij-slovar-i-i-tolstogo.html
"
124,–ê—Ä–º—è–Ω—Å–∫–æ-—Ä—É—Å—Å–∫–∏–π —Å–ª–æ–≤–∞—Ä—å,"–ì–∞–ª—Å—Ç—è–Ω –ï. –ì. (—Ä–µ–¥.). –ê—Ä–º—è–Ω—Å–∫–æ-—Ä—É—Å—Å–∫–∏–π —Å–ª–æ–≤–∞—Ä—å. –ï—Ä–µ–≤–∞–Ω: –ò–∑–¥-–≤–æ –ê–ù –ê—Ä–º—è–Ω—Å–∫–æ–π –°–°–†, 1987.",–æ–∫–æ–ª–æ 75000 —Å–ª–æ–≤,–ø–∞—Ä–∞–ª–ª–µ–ª—å–Ω—ã–µ,"—É –º–µ–Ω—è –µ—Å—Ç—å –ø–¥—Ñ, –Ω–æ, –∫–∞–∂–µ—Ç—Å—è, —ç—Ç–æ –±—ã–ª–æ –ø–∏—Ä–∞—Ç—Å—Ç–≤–æüè¥‚Äç‚ò†Ô∏è"
125,–†—É—Å—Å–∫–æ-–∞—Ä–º—è–Ω—Å–∫–∏–π —É—á–µ–±–Ω—ã–π —Å–ª–æ–≤–∞—Ä—å,"–°–µ–∫–æ—è–Ω –ê. –ê. –†—É—Å—Å–∫–æ-–∞—Ä–º—è–Ω—Å–∫–∏–π —É—á–µ–±–Ω—ã–π —Å–ª–æ–≤–∞—Ä—å. –ï—Ä–µ–≤–∞–Ω, 1978.",14300 —Å–ª–æ–≤,–ø–∞—Ä–∞–ª–ª–µ–ª—å–Ω—ã–µ,"–ø–¥—Ñ –µ—Å—Ç—å –≤–æ—Ç —Ç—É—Ç, —Ç–æ–∂–µ –Ω–µ–ø–æ–Ω—è—Ç–Ω–æ, –Ω–∞—Å–∫–æ–ª—å–∫–æ —ç—Ç–æ –ª–µ–≥–∞–ª—å–Ω–æ"
126,–†—É—Å—Å–∫–æ-–ê—Ä–º—è–Ω—Å–∫–∏–π —Å–ª–æ–≤–∞—Ä—å,"–ì–∞—Ä–∏–±—è–Ω –ê. –°. –†—É—Å—Å–∫–æ-–ê—Ä–º—è–Ω—Å–∫–∏–π —Å–ª–æ–≤–∞—Ä—å. –ï—Ä–µ–≤–∞–Ω: –ê–π–∞—Å—Ç–∞–Ω, 1982.",,,
127,"–†—É—Å—Å–∫–æ-–∞—Ä–º—è–Ω—Å–∫–∏–π, –∞—Ä–º—è–Ω–æ-—Ä—É—Å—Å–∫–∏–π —Å–ª–æ–≤–∞—Ä—å","–ö–ª—è–Ω –≠. –ö. (—Å–æ—Å—Ç.). –†—É—Å—Å–∫–æ-–∞—Ä–º—è–Ω—Å–∫–∏–π, –∞—Ä–º—è–Ω–æ-—Ä—É—Å—Å–∫–∏–π —Å–ª–æ–≤–∞—Ä—å. –ö—Ä–∞—Å–Ω–æ–¥–∞—Ä: –ö–æ–≥–æ—Ä—Ç–∞, 2005.",,,
128,–†—É—Å—Å–∫–æ-–∞—Ä–º—è–Ω—Å–∫–∏–π —Å–ª–æ–≤–∞—Ä—å. –í 4-—Ö —Ç.,"–†—É—Å—Å–∫–æ-–∞—Ä–º—è–Ω—Å–∫–∏–π —Å–ª–æ–≤–∞—Ä—å. –í 4-—Ö —Ç. –ï—Ä–µ–≤–∞–Ω, 1954-1956.",,,
129,–†–µ–∞–ª–∏–∏ –±–∞—à–∫–∏—Ä—Å–∫–æ–π –∫—É–ª—å—Ç—É—Ä—ã: —Å–ª–æ–≤–∞—Ä—å –±–µ–∑—ç–∫–≤–∏–≤–∞–ª–µ–Ω—Ç–Ω–æ–π –ª–µ–∫—Å–∏–∫–∏ –±–∞—à–∫–∏—Ä—Å–∫–æ–≥–æ —è–∑—ã–∫–∞,"–°–∞–º—Å–∏—Ç–æ–≤–∞ –õ. –•. –†–µ–∞–ª–∏–∏ –±–∞—à–∫–∏—Ä—Å–∫–æ–π –∫—É–ª—å—Ç—É—Ä—ã: —Å–ª–æ–≤–∞—Ä—å –±–µ–∑—ç–∫–≤–∏–≤–∞–ª–µ–Ω—Ç–Ω–æ–π –ª–µ–∫—Å–∏–∫–∏ –±–∞—à–∫–∏—Ä—Å–∫–æ–≥–æ —è–∑—ã–∫–∞. –£—Ñ–∞: –ö–∏—Ç–∞–ø, 2006.",,,
130,–†—É—Å—Å–∫–æ-–±–∞—à–∫–∏—Ä—Å–∫–∏–π —Å–ª–æ–≤–∞—Ä—å: –í 2 —Ç. ,"–£—Ä–∞–∫—Å–∏–Ω –ó. –ì. (—Ä–µ–¥.). –†—É—Å—Å–∫–æ-–±–∞—à–∫–∏—Ä—Å–∫–∏–π —Å–ª–æ–≤–∞—Ä—å: –í 2 —Ç. –£—Ñ–∞: –ë–∞—à–∫–∏—Ä—Å–∫–∞—è —ç–Ω—Ü–∏–∫–ª–æ–ø–µ–¥–∏—è, 2005. –¢. 1. –ê‚Äî–û. ‚Äî 2005. –¢. 2. –ü‚Äî–Ø. ‚Äî 2005.",,,
131,–†—É—Å—Å–∫–æ-–±–∞—à–∫–∏—Ä—Å–∫–∏–π —Å–ª–æ–≤–∞—Ä—å,"–£—Ä–∞–∫—Å–∏–Ω –ó. –ì. –†—É—Å—Å–∫–æ-–±–∞—à–∫–∏—Ä—Å–∫–∏–π —Å–ª–æ–≤–∞—Ä—å. –£—Ñ–∞: –ö–∏—Ç–∞–ø, 2007.",,,
132,–ê–∫–∞–¥–µ–º–∏—á–µ—Å–∫–∏–π —Å–ª–æ–≤–∞—Ä—å –±–∞—à–∫–∏—Ä—Å–∫–æ–≥–æ —è–∑—ã–∫–∞. –í –¥–µ—Å—è—Ç–∏ —Ç–æ–º–∞—Ö,"–•–∏—Å–∞–º–∏—Ç–¥–∏–Ω–æ–≤–∞ –§. –ì. (—Ä–µ–¥.). –ê–∫–∞–¥–µ–º–∏—á–µ—Å–∫–∏–π —Å–ª–æ–≤–∞—Ä—å –±–∞—à–∫–∏—Ä—Å–∫–æ–≥–æ —è–∑—ã–∫–∞. –í –¥–µ—Å—è—Ç–∏ —Ç–æ–º–∞—Ö. –£—Ñ–∞: –ö–∏—Ç–∞–ø, 2014.",,,
133,"–†—É—Å—Å–∫–æ-–±–∞—à–∫–∏—Ä—Å–∫–∏–π, –±–∞—à–∫–∏—Ä—Å–∫–æ-—Ä—É—Å—Å–∫–∏–π —Å–ª–æ–≤–∞—Ä—å: –¥–ª—è –∏–∑—É—á–∞—é—â–∏—Ö –±–∞—à–∫–∏—Ä—Å–∫–∏–π —è–∑—ã–∫ –∫–∞–∫ –≥–æ—Å—É–¥–∞—Ä—Å—Ç–≤–µ–Ω–Ω—ã–π. ","–•–∏—Å–∞–º–∏—Ç–¥–∏–Ω–æ–≤–∞ –§. –ì., –ú—É—Ä–∞—Ç–æ–≤–∞ –†. –¢. (—Å–æ—Å—Ç.). –†—É—Å—Å–∫–æ-–±–∞—à–∫–∏—Ä—Å–∫–∏–π, –±–∞—à–∫–∏—Ä—Å–∫–æ-—Ä—É—Å—Å–∫–∏–π —Å–ª–æ–≤–∞—Ä—å: –¥–ª—è –∏–∑—É—á–∞—é—â–∏—Ö –±–∞—à–∫–∏—Ä—Å–∫–∏–π —è–∑—ã–∫ –∫–∞–∫ –≥–æ—Å—É–¥–∞—Ä—Å—Ç–≤–µ–Ω–Ω—ã–π. –£—Ñ–∞: –ú–∞–ª–µ–Ω—å–∫–∏–π –≥–µ–Ω–∏–π –ë–∞—à–∫–æ—Ä—Ç–æ—Å—Ç–∞–Ω–∞; –£—á–µ–±–Ω–æ-–º–µ—Ç–æ–¥–∏—á–µ—Å–∫–∏–π —Ü–µ–Ω—Ç—Ä ¬´–≠–¥–≤–∏—Å¬ª, 2014.",,,
134,–°–ª–æ¬≠–≤–∞—Ä—å –±–µ¬≠–ª–æ¬≠—Ä—É—Å¬≠—Å–∫–æ¬≠–≥–æ –Ω–∞¬≠—Ä–µ¬≠—á–∏—è,"–ù–æ¬≠—Å–æ¬≠–≤–∏—á –ò. –ò. –°–ª–æ¬≠–≤–∞—Ä—å –±–µ¬≠–ª–æ¬≠—Ä—É—Å¬≠—Å–∫–æ¬≠–≥–æ –Ω–∞¬≠—Ä–µ¬≠—á–∏—è. –°–ü–±., 1870.",,,
135,–†—É—Å—Å–∫–æ-–±–µ–ª–æ—Ä—É—Å—Å–∫–∏–π —Å–ª–æ–≤–∞—Ä—å,"–õ—É–∫–∞—à–∞–Ω–µ—Ü –ê. –ê. (—Ä–µ–¥.) –†—É—Å—Å–∫–æ-–±–µ–ª–æ—Ä—É—Å—Å–∫–∏–π —Å–ª–æ–≤–∞—Ä—å. –¢. 1‚Äì3. –ú–∏–Ω—Å–∫, 2012.",,,
136,–ë—É—Ä—è—Ç—Å–∫–æ-—Ä—É—Å—Å–∫–∏–π —Å–ª–æ–≤–∞—Ä—å,"–ë—É—Ä—è—Ç—Å–∫–æ-—Ä—É—Å—Å–∫–∏–π —Å–ª–æ–≤–∞—Ä—å. –õ. –î. –®–∞–≥–¥–∞—Ä–æ–≤, –ö. –ú. –ß–µ—Ä–µ–º–∏—Å–æ–≤. –ú.: –ë—ç–ª–∏–≥, 2006. –¢. 1., –ë—É—Ä—è—Ç—Å–∫–æ-—Ä—É—Å—Å–∫–∏–π —Å–ª–æ–≤–∞—Ä—å. –õ. –î. –®–∞–≥–¥–∞—Ä–æ–≤, –ö. –ú. –ß–µ—Ä–µ–º–∏—Å–æ–≤. –ú.: –ë—ç–ª–∏–≥, 2008. –¢. 2.",,,
137,–†—É—Å—Å–∫–æ-–±—É—Ä—è—Ç—Å–∫–∏–π —Å–ª–æ–≤–∞—Ä—å,"–†—É—Å—Å–∫–æ-–±—É—Ä—è—Ç—Å–∫–∏–π —Å–ª–æ–≤–∞—Ä—å. –õ. –î. –®–∞–≥–¥–∞—Ä–æ–≤, –ù. –ê. –û—á–∏—Ä–æ–≤. –£–ª–∞–Ω-–£–¥—ç: –ë—É—Ä—è–∞–¥ —É–Ω—ç–Ω, 2008. (–æ–∫–æ–ª–æ 80.000 —Å–ª–æ–≤)",,,
138,–ë–æ–ª—å—à–æ–π –∫–æ—Ä–µ–π—Å–∫–æ-—Ä—É—Å—Å–∫–∏–π —Å–ª–æ–≤–∞—Ä—å,"–ë–æ–ª—å—à–æ–π –∫–æ—Ä–µ–π—Å–∫–æ-—Ä—É—Å—Å–∫–∏–π —Å–ª–æ–≤–∞—Ä—å / –ü–æ–¥ —Ä–µ–¥. –õ. –ë. –ù–∏–∫–æ–ª—å—Å–∫–æ–≥–æ –∏ –¶–æ–π –î–µ–Ω—Ö—É. –¢. 1-2. ‚Äî –ú., 1976.",,,
139,–†—É—Å—Å–∫–æ-–∫–æ—Ä–µ–π—Å–∫–∏–π —Å–ª–æ–≤–∞—Ä—å,"–ú–∞–∑—É—Ä –Æ. –ù., –ù–∏–∫–æ–ª—å—Å–∫–∏–π –õ. –ë. –†—É—Å—Å–∫–æ-–∫–æ—Ä–µ–π—Å–∫–∏–π —Å–ª–æ–≤–∞—Ä—å. ‚Äî –ú., 1988; –°–µ—É–ª, 1992.",,,
140,–°–ª–æ–≤–∞—Ä—å –∂–∏–≤–æ–≥–æ –ø–æ–º–æ—Ä—Å–∫–æ–≥–æ —è–∑—ã–∫–∞ –≤ –µ–≥–æ –±—ã—Ç–æ–≤–æ–º –∏ —ç—Ç–Ω–æ–≥—Ä–∞—Ñ–∏—á–µ—Å–∫–æ–º –ø—Ä–∏–º–µ–Ω–µ–Ω–∏–∏,"–î—É—Ä–æ–≤ –ò.–ú. –°–ª–æ–≤–∞—Ä—å –∂–∏–≤–æ–≥–æ –ø–æ–º–æ—Ä—Å–∫–æ–≥–æ —è–∑—ã–∫–∞ –≤ –µ–≥–æ –±—ã—Ç–æ–≤–æ–º –∏ —ç—Ç–Ω–æ–≥—Ä–∞—Ñ–∏—á–µ—Å–∫–æ–º –ø—Ä–∏–º–µ–Ω–µ–Ω–∏–∏ / –ò–Ω—Å—Ç–∏—Ç—É—Ç —è–∑—ã–∫–∞, –ª–∏—Ç–µ—Ä–∞—Ç—É—Ä—ã –∏ –∏—Å—Ç–æ—Ä–∏–∏ –ö–∞—Ä–ù–¶ –†–ê–ù ; –ò–∑–¥.–ø–æ–¥–≥–æ—Ç.: –ú—É–ª–ª–æ–Ω–µ–Ω –ò.–ò., –ö—É–∑–Ω–µ—Ü–æ–≤–∞ –í.–ü., –ë–µ–ª–∏–∫–æ–≤–∞ –ê.–ï. ‚Äî –ü–µ—Ç—Ä–æ–∑–∞–≤–æ–¥—Å–∫ : –ö–∞—Ä–ù–¶ –†–ê–ù, 2011. ‚Äî 455 —Å.",455 —Å—Ç—Ä. (~ 12000 —Å–ª–æ–≤–∞—Ä–Ω—ã—Ö —Å—Ç–∞—Ç–µ–π),–¥–∏–∞–ª–µ–∫—Ç–Ω—ã–π,"–°—Å—ã–ª–∫–∞ –Ω–∞ —Å—Ç—Ä–∞–Ω–∏—Ü—É –í–û–£–ù–ë, –≥–¥–µ –µ—Å—Ç—å pdf —Å–ª–æ–≤–∞—Ä—è: https://www.booksite.ru/fulltext/durov/index.htm"
141,–°–ª–æ–≤–∞—Ä—å –æ–±–ª–∞—Å—Ç–Ω–æ–≥–æ –≤–æ–ª–æ–≥–æ–¥—Å–∫–æ–≥–æ –Ω–∞—Ä–µ—á–∏—è: –ø–æ —Ä—É–∫–æ–ø–∏—Å–∏ –ü. –ê. –î–∏–ª–∞–∫—Ç–æ—Ä—Å–∫–æ–≥–æ,"–°–ª–æ–≤–∞—Ä—å –æ–±–ª–∞—Å—Ç–Ω–æ–≥–æ –≤–æ–ª–æ–≥–æ–¥—Å–∫–æ–≥–æ –Ω–∞—Ä–µ—á–∏—è. –ü–æ —Ä—É–∫–æ–ø–∏—Å–∏ –ü.–ê. –î–∏–ª–∞–∫—Ç–æ—Ä—Å–∫–æ–≥–æ 1902 –≥. / –ò–Ω-—Ç –ª–∏–Ω–≥–≤. –∏—Å—Å–ª–µ–¥. –†–ê–ù; –∏–∑–¥. –ø–æ–¥–≥–æ—Ç. –ê.–ù. –õ–µ–≤–∏—á–∫–∏–Ω, –°.–ê. –ú—ã–∑–Ω–∏–∫–æ–≤. –°–ü–±.: –ù–∞—É–∫–∞, 2006. ISBN 5-02-026991-3",14320 —Å–ª–æ–≤–∞—Ä–Ω—ã—Ö —Å—Ç–∞—Ç–µ–π,–¥–∏–∞–ª–µ–∫—Ç–Ω—ã–π,https://nenadict.iling.spb.ru/publications/2019
142,–†—É—Å—Å–∫–æ-–ë–µ–ª–æ—Ä—É—Å—Å–∫–∏–π —Å–ª–æ–≤–∞—Ä—å / –†—É—Å–∫–∞-–ë–µ–ª–∞—Ä—É—Å–∫i —Å–ª–æ—û–Ωi–∫,,"–æ–∫–æ–ª–æ 110000 —Å–ª–æ–≤, –ö–æ–ª–∏—á–µ—Å—Ç–≤–æ —Å—Ç—Ä–∞–Ω–∏—Ü (–¢.1): 735, –ö–æ–ª–∏—á–µ—Å—Ç–≤–æ —Å—Ç—Ä–∞–Ω–∏—Ü (–¢.2): 783, –ö–æ–ª–∏—á–µ—Å—Ç–≤–æ —Å—Ç—Ä–∞–Ω–∏—Ü (–¢.3): 800",–ø–∞—Ä–∞–ª–ª–µ–ª—å–Ω—ã–µ,https://vk.com/topic-168503033_40473423
